,SMILES,TUBB,SCScore,QED
0,C1(C(=O)C(C)[C@H]([C@H](OC(=O)C2=CC=CC=C2)[C@]3(O)C[C@H](OC(=O)[C@H](O)[C@@H](NC(=O)C4=CC=CC=C4)C5=CC=CC=C5)C(C)=C1C3(C)C)[C@]6(OC(C)=O)CO[C@@H]6CC(=O)[O-])O,4649.447131869926,4.53,0.116
1,C1(C(=O)C2(C)[C@H]([C@H](OC(=O)C3=CC=CC=C3)[C@]4(O)C[C@H](OC(=O)[C@H](O)[C@@H](NC(=O)C5=CC=CC=C5)C6=CC=CC=C6)C(C)=C1C4(C)C)[C@]7(OC(C)=O)CO[C@@H]7CC(=O)O2)O,179.19797254989086,4.676,0.138
2,C1(C(=O)[C@@]2(C)C([C@]3(OC(C)=O)CO[C@@H]3C[C@@H]2O)OC(=O)[C@]4(O)C[C@H](OC(=O)[C@H](O)[C@@H](NC(=O)C5=CC=CC=C5)C6=CC=CC=C6)C(C)=C1C4(C)C)O,19838.12444857595,4.523,0.155
3,C1(C(=O)[C@@]2(C)[C@H](C(=O)[C@]3(O)C[C@H](OC(=O)C(=O)[C@@H](NC(=O)C4=CC=CC=C4)C5=CC=CC=C5)C(C)=C1C3(C)C)[C@]6(OC(C)=O)CO[C@@H]6C[C@@H]2O)O,825.2289937435224,4.541,0.185
4,C1(C(=O)[C@@]2(C)[C@H](C(=O)[C@]3(O)C[C@H](OC(=O)[C@H](O)C(C4=CC=CC=C4)O)C(C)=C1C3(C)C)[C@]5(OC(C)=O)CO[C@@H]5C[C@@H]2O)O,469.8011771725222,3.792,0.225
5,C1(C(=O)[C@@]2(C)[C@H](C(=O)[C@]3(O)C[C@H](OC(=O)[C@H](O)[C@@H](N)C4=CC=CC=C4)C(C)=C1C3(C)C)[C@]5(OC(C)=O)CO[C@@H]5C[C@@H]2O)O,3724.2613801352522,4.031,0.224
6,C1(C(=O)[C@@]2(C)[C@H](C(=O)[C@]3(O)C[C@H](OC(=O)[C@H](O)[C@@H](NC(=O)C4=CC=CC=C4)C5=CC=CC=C5)C(C)=C1C3(C)C)C6(CO[C@@H]6C[C@@H]2O)O)O,8834.040028618734,4.179,0.19
7,C1(C(=O)[C@@]2(C)[C@H](C(=O)[C@]3(O)C[C@H](OC(=O)[C@H](O)[C@@H](NC(=O)C4=CC=CC=C4)C5=CC=CC=C5)C(C)=C1C3(C)C)[C@]6(OC(C)=O)C(O[C@@H]6C[C@@H]2O)O)O,8834.040028618734,4.237,0.172
8,C1(C(=O)[C@@]2(C)[C@H](C(=O)[C@]3(O)C[C@H](OC(=O)[C@H](O)[C@@H](NC(=O)C4=CC=CC=C4)C5=CC=CC=C5)C(C)=C1C3(C)C)[C@]6(OC(C)=O)CO[C@@H]6CC2=O)O,8834.040028618734,4.674,0.185
9,C1(C(=O)[C@@]2(C)[C@H](C(=O)[C@]3(O)C[C@H](OC(=O)[C@H](O)[C@@H](NC(=O)C4=CC=CC=C4)C5=CC=CC=C5)C(C)=C1C3(C)C)[C@]6(OC(C)=O)CO[C@@H]6C[C@@H]2O)O,8834.040028618734,4.491,0.205
10,C1(C(=O)[C@@]2(C)[C@H](C(=O)[C@]3(O)C[C@H](OC(=O)[C@H](O)[C@@H](NC(=O)C4=CC=CC=C4)C5=CC=CC=C5)C(C)C1C3(C)C)[C@]6(OC(C)=O)CO[C@@H]6C[C@@H]2O)O,8105.0782071243475,3.899,0.259
11,C1(C(=O)[C@@]2(C)[C@H](C([C@]3(O)C[C@H](OC(=O)C(=O)[C@@H](NC(=O)C4=CC=CC=C4)C5=CC=CC=C5)C(C)=C1C3(C)C)O)[C@]6(OC(C)=O)CO[C@@H]6C[C@@H]2O)O,932.0547281176572,4.548,0.158
12,C1(C(=O)[C@@]2(C)[C@H](C([C@]3(O)C[C@H](OC(=O)[C@H](O)C(C4=CC=CC=C4)O)C(C)=C1C3(C)C)O)[C@]5(OC(C)=O)CO[C@@H]5C[C@@H]2O)O,3118.0846502408926,3.773,0.192
13,C1(C(=O)[C@@]2(C)[C@H](C([C@]3(O)C[C@H](OC(=O)[C@H](O)[C@@H](N)C4=CC=CC=C4)C(C)=C1C3(C)C)O)[C@]5(OC(C)=O)CO[C@@H]5C[C@@H]2O)O,1888.9908679702964,3.874,0.192
14,C1(C(=O)[C@@]2(C)[C@H](C([C@]3(O)C[C@H](OC(=O)[C@H](O)[C@@H](NC(=O)C4=CC=CC=C4)C5=CC=CC=C5)C(C)=C1C3(C)C)O)C6(CO[C@@H]6C[C@@H]2O)O)O,4982.527267884165,4.402,0.169
15,C1(C(=O)[C@@]2(C)[C@H](C([C@]3(O)C[C@H](OC(=O)[C@H](O)[C@@H](NC(=O)C4=CC=CC=C4)C5=CC=CC=C5)C(C)=C1C3(C)C)O)[C@]6(OC(C)=O)C(O[C@@H]6C[C@@H]2O)O)O,4982.527267884165,4.272,0.154
16,C1(C(=O)[C@@]2(C)[C@H](C([C@]3(O)C[C@H](OC(=O)[C@H](O)[C@@H](NC(=O)C4=CC=CC=C4)C5=CC=CC=C5)C(C)=C1C3(C)C)O)[C@]6(OC(C)=O)CO[C@@H]6CC2=O)O,4982.527267884165,4.725,0.158
17,C1(C(=O)[C@@]2(C)[C@H](C([C@]3(O)C[C@H](OC(=O)[C@H](O)[C@@H](NC(=O)C4=CC=CC=C4)C5=CC=CC=C5)C(C)=C1C3(C)C)O)[C@]6(OC(C)=O)CO[C@@H]6C[C@@H]2O)O,4982.527267884165,4.508,0.178
18,C1(C(=O)[C@@]2(C)[C@H](C([C@]3(O)C[C@H](OC(=O)[C@H](O)[C@@H](NC(=O)C4=CC=CC=C4)C5=CC=CC=C5)C(C)C1C3(C)C)O)[C@]6(OC(C)=O)CO[C@@H]6C[C@@H]2O)O,8023.689658334558,4.172,0.225
19,C1(C(=O)[C@@]2(C)[C@H]([C@H](OC(=O)C3=CC=CC=C3)[C@]4(O)CC(=O)C(C)=C1C4(C)C)[C@]5(OC(C)=O)CO[C@@H]5C[C@@H]2O)O,1865.215711060347,3.176,0.476
20,C1(C(=O)[C@@]2(C)[C@H]([C@H](OC(=O)C3=CC=CC=C3)[C@]4(O)CC(=O)C(C)C1C4(C)C)[C@]5(OC(C)=O)CO[C@@H]5C[C@@H]2O)O,1057.565442041007,3.05,0.473
21,C1(C(=O)[C@@]2(C)[C@H]([C@H](OC(=O)C3=CC=CC=C3)[C@]4(O)CC(C(C)=C1C4(C)C)O)[C@]5(OC(C)=O)CO[C@@H]5C[C@@H]2O)O,536.3712418556609,3.292,0.32
22,C1(C(=O)[C@@]2(C)[C@H]([C@H](OC(=O)C3=CC=CC=C3)[C@]4(O)CC(C(C)C1C4(C)C)O)[C@]5(OC(C)=O)CO[C@@H]5C[C@@H]2O)O,532.1828406147537,3.014,0.403
23,C1(C(=O)[C@@]2(C)[C@H]([C@H](OC(=O)C3=CC=CC=C3)[C@]4(O)COC(=O)C(C)=C1C4(C)C)[C@]5(OC(C)=O)CO[C@@H]5C[C@@H]2O)O,709.4139044454053,3.493,0.356
24,C1(C(=O)[C@@]2(C)[C@H]([C@H](OC(=O)C3=CC=CC=C3)[C@]4(O)C[C@H](OC(=O)C(=O)C(C5=CC=CC=C5)O)C(C)=C1C4(C)C)[C@]6(OC(C)=O)CO[C@@H]6C[C@@H]2O)O,191.68115693381546,3.734,0.141
25,C1(C(=O)[C@@]2(C)[C@H]([C@H](OC(=O)C3=CC=CC=C3)[C@]4(O)C[C@H](OC(=O)C(=O)[C@@H](N)C5=CC=CC=C5)C(C)=C1C4(C)C)[C@]6(OC(C)=O)CO[C@@H]6C[C@@H]2O)O,79.51704696270916,4.065,0.141
26,C1(C(=O)[C@@]2(C)[C@H]([C@H](OC(=O)C3=CC=CC=C3)[C@]4(O)C[C@H](OC(=O)C(=O)[C@@H](NC(=O)C5=CC=CC=C5)C6=CC=CC=C6)C(C)=C1C4(C)C)C7(CO[C@@H]7C[C@@H]2O)O)O,24.14831801773799,4.296,0.128
27,C1(C(=O)[C@@]2(C)[C@H]([C@H](OC(=O)C3=CC=CC=C3)[C@]4(O)C[C@H](OC(=O)C(=O)[C@@H](NC(=O)C5=CC=CC=C5)C6=CC=CC=C6)C(C)=C1C4(C)C)[C@]7(OC(C)=O)C(O[C@@H]7C[C@@H]2O)O)O,24.14831801773799,4.36,0.09
28,C1(C(=O)[C@@]2(C)[C@H]([C@H](OC(=O)C3=CC=CC=C3)[C@]4(O)C[C@H](OC(=O)C(=O)[C@@H](NC(=O)C5=CC=CC=C5)C6=CC=CC=C6)C(C)=C1C4(C)C)[C@]7(OC(C)=O)CO[C@@H]7CC2=O)O,24.14831801773799,4.753,0.093
29,C1(C(=O)[C@@]2(C)[C@H]([C@H](OC(=O)C3=CC=CC=C3)[C@]4(O)C[C@H](OC(=O)C(=O)[C@@H](NC(=O)C5=CC=CC=C5)C6=CC=CC=C6)C(C)=C1C4(C)C)[C@]7(OC(C)=O)CO[C@@H]7C[C@@H]2O)O,24.14831801773799,4.417,0.106
30,C1(C(=O)[C@@]2(C)[C@H]([C@H](OC(=O)C3=CC=CC=C3)[C@]4(O)C[C@H](OC(=O)C(=O)[C@@H](NC(=O)C5=CC=CC=C5)C6=CC=CC=C6)C(C)C1C4(C)C)[C@]7(OC(C)=O)CO[C@@H]7C[C@@H]2O)O,24.14831801773799,4.389,0.139
31,C1(C(=O)[C@@]2(C)[C@H]([C@H](OC(=O)C3=CC=CC=C3)[C@]4(O)C[C@H](OC(=O)CC(N)(C5=CC=CC=C5)O)C(C)=C1C4(C)C)[C@]6(OC(C)=O)CO[C@@H]6C[C@@H]2O)O,163.56729809525677,3.547,0.12
32,C1(C(=O)[C@@]2(C)[C@H]([C@H](OC(=O)C3=CC=CC=C3)[C@]4(O)C[C@H](OC(=O)[C@H](O)C(C5=CC=CC=C5)=O)C(C)=C1C4(C)C)[C@]6(OC(C)=O)CO[C@@H]6C[C@@H]2O)O,671.1570990631278,3.69,0.107
33,C1(C(=O)[C@@]2(C)[C@H]([C@H](OC(=O)C3=CC=CC=C3)[C@]4(O)C[C@H](OC(=O)[C@H](O)C(C5=CC=CC=C5)O)C(C)=C1C4(C)C)C6(CO[C@@H]6C[C@@H]2O)O)O,595.0641536293167,3.715,0.19
34,C1(C(=O)[C@@]2(C)[C@H]([C@H](OC(=O)C3=CC=CC=C3)[C@]4(O)C[C@H](OC(=O)[C@H](O)C(C5=CC=CC=C5)O)C(C)=C1C4(C)C)[C@]6(OC(C)=O)C(O[C@@H]6C[C@@H]2O)O)O,595.0641536293167,3.762,0.133
35,C1(C(=O)[C@@]2(C)[C@H]([C@H](OC(=O)C3=CC=CC=C3)[C@]4(O)C[C@H](OC(=O)[C@H](O)C(C5=CC=CC=C5)O)C(C)=C1C4(C)C)[C@]6(OC(C)=O)CO[C@@H]6CC2=O)O,595.0641536293167,4.255,0.141
36,C1(C(=O)[C@@]2(C)[C@H]([C@H](OC(=O)C3=CC=CC=C3)[C@]4(O)C[C@H](OC(=O)[C@H](O)C(C5=CC=CC=C5)O)C(C)=C1C4(C)C)[C@]6(OC(C)=O)CO[C@@H]6C[C@@H]2O)O,595.0641536293167,3.907,0.158
37,C1(C(=O)[C@@]2(C)[C@H]([C@H](OC(=O)C3=CC=CC=C3)[C@]4(O)C[C@H](OC(=O)[C@H](O)C(C5=CC=CC=C5)O)C(C)C1C4(C)C)[C@]6(OC(C)=O)CO[C@@H]6C[C@@H]2O)O,595.0641536293167,3.573,0.205
38,C1(C(=O)[C@@]2(C)[C@H]([C@H](OC(=O)C3=CC=CC=C3)[C@]4(O)C[C@H](OC(=O)[C@H](O)[C@@H](N)C5=CC=CC=C5)C(C)=C1C4(C)C)C6(CO[C@@H]6C[C@@H]2O)O)O,286.2654858080136,3.924,0.19
39,C1(C(=O)[C@@]2(C)[C@H]([C@H](OC(=O)C3=CC=CC=C3)[C@]4(O)C[C@H](OC(=O)[C@H](O)[C@@H](N)C5=CC=CC=C5)C(C)=C1C4(C)C)[C@]6(OC(C)=O)C(O[C@@H]6C[C@@H]2O)O)O,286.2654858080136,3.889,0.133
40,C1(C(=O)[C@@]2(C)[C@H]([C@H](OC(=O)C3=CC=CC=C3)[C@]4(O)C[C@H](OC(=O)[C@H](O)[C@@H](N)C5=CC=CC=C5)C(C)=C1C4(C)C)[C@]6(OC(C)=O)CO[C@@H]6CC2=O)O,286.2654858080136,4.455,0.141
41,C1(C(=O)[C@@]2(C)[C@H]([C@H](OC(=O)C3=CC=CC=C3)[C@]4(O)C[C@H](OC(=O)[C@H](O)[C@@H](N)C5=CC=CC=C5)C(C)=C1C4(C)C)[C@]6(OC(C)=O)CO[C@@H]6C[C@@H]2O)O,286.2654858080136,4.15,0.158
42,C1(C(=O)[C@@]2(C)[C@H]([C@H](OC(=O)C3=CC=CC=C3)[C@]4(O)C[C@H](OC(=O)[C@H](O)[C@@H](N)C5=CC=CC=C5)C(C)C1C4(C)C)[C@]6(OC(C)=O)CO[C@@H]6C[C@@H]2O)O,286.2654858080136,3.758,0.205
43,C1(C(=O)[C@@]2(C)[C@H]([C@H](OC(=O)C3=CC=CC=C3)[C@]4(O)C[C@H](OC(=O)[C@H](O)[C@@H](NC(=O)C5=CC=CC=C5)C6=CC=CC=C6)C(C)=C1C4(C)C)C7(C(O[C@@H]7C[C@@H]2O)O)O)O,154.82370487334555,4.644,0.128
44,C1(C(=O)[C@@]2(C)[C@H]([C@H](OC(=O)C3=CC=CC=C3)[C@]4(O)C[C@H](OC(=O)[C@H](O)[C@@H](NC(=O)C5=CC=CC=C5)C6=CC=CC=C6)C(C)=C1C4(C)C)C7(CO[C@@H]7CC2=O)O)O,154.82370487334555,4.588,0.128
45,C1(C(=O)[C@@]2(C)[C@H]([C@H](OC(=O)C3=CC=CC=C3)[C@]4(O)C[C@H](OC(=O)[C@H](O)[C@@H](NC(=O)C5=CC=CC=C5)C6=CC=CC=C6)C(C)=C1C4(C)C)C7(CO[C@@H]7C[C@@H]2O)O)O,154.82370487334555,4.343,0.144
46,C1(C(=O)[C@@]2(C)[C@H]([C@H](OC(=O)C3=CC=CC=C3)[C@]4(O)C[C@H](OC(=O)[C@H](O)[C@@H](NC(=O)C5=CC=CC=C5)C6=CC=CC=C6)C(C)=C1C4(C)C)[C@]7(OC(C)=O)C(O[C@@H]7CC2=O)O)O,154.82370487334555,4.686,0.09
47,C1(C(=O)[C@@]2(C)[C@H]([C@H](OC(=O)C3=CC=CC=C3)[C@]4(O)C[C@H](OC(=O)[C@H](O)[C@@H](NC(=O)C5=CC=CC=C5)C6=CC=CC=C6)C(C)=C1C4(C)C)[C@]7(OC(C)=O)C(O[C@@H]7C[C@@H]2O)=O)O,154.82370487334555,4.563,0.119
48,C1(C(=O)[C@@]2(C)[C@H]([C@H](OC(=O)C3=CC=CC=C3)[C@]4(O)C[C@H](OC(=O)[C@H](O)[C@@H](NC(=O)C5=CC=CC=C5)C6=CC=CC=C6)C(C)=C1C4(C)C)[C@]7(OC(C)=O)C(O[C@@H]7C[C@@H]2O)O)O,154.82370487334555,4.499,0.103
49,C1(C(=O)[C@@]2(C)[C@H]([C@H](OC(=O)C3=CC=CC=C3)[C@]4(O)C[C@H](OC(=O)[C@H](O)[C@@H](NC(=O)C5=CC=CC=C5)C6=CC=CC=C6)C(C)=C1C4(C)C)[C@]7(OC(C)=O)CO[C@@H]7CC2=O)O,154.82370487334555,4.722,0.106
50,C1(C(=O)[C@@]2(C)[C@H]([C@H](OC(=O)C3=CC=CC=C3)[C@]4(O)C[C@H](OC(=O)[C@H](O)[C@@H](NC(=O)C5=CC=CC=C5)C6=CC=CC=C6)C(C)=C1C4(C)C)[C@]7(OC(C)=O)CO[C@@H]7C[C@@H]2O)O,154.82370487334555,4.382,0.12
51,C1(C(=O)[C@@]2(C)[C@H]([C@H](OC(=O)C3=CC=CC=C3)[C@]4(O)C[C@H](OC(=O)[C@H](O)[C@@H](NC(=O)C5=CC=CC=C5)C6=CC=CC=C6)C(C)C1C4(C)C)C7(CO[C@@H]7C[C@@H]2O)O)O,154.82370487334555,4.108,0.183
52,C1(C(=O)[C@@]2(C)[C@H]([C@H](OC(=O)C3=CC=CC=C3)[C@]4(O)C[C@H](OC(=O)[C@H](O)[C@@H](NC(=O)C5=CC=CC=C5)C6=CC=CC=C6)C(C)C1C4(C)C)[C@]7(OC(C)=O)C(O[C@@H]7C[C@@H]2O)O)O,154.82370487334555,4.146,0.134
53,C1(C(=O)[C@@]2(C)[C@H]([C@H](OC(=O)C3=CC=CC=C3)[C@]4(O)C[C@H](OC(=O)[C@H](O)[C@@H](NC(=O)C5=CC=CC=C5)C6=CC=CC=C6)C(C)C1C4(C)C)[C@]7(OC(C)=O)CO[C@@H]7CC2=O)O,154.82370487334555,4.333,0.139
54,C1(C(=O)[C@@]2(C)[C@H]([C@H](OC(=O)C3=CC=CC=C3)[C@]4(O)C[C@H](OC(=O)[C@H](O)[C@@H](NC(=O)C5=CC=CC=C5)C6=CC=CC=C6)C(C)C1C4(C)C)[C@]7(OC(C)=O)CO[C@@H]7C[C@@H]2O)O,154.82370487334555,4.201,0.155
55,C1(C2=C(C(C[C@]([C@H]([C@H]3[C@@](C(=O)O1)(C)[C@H](C[C@H]4OC[C@@]34OC(C)=O)O)OC(=O)C5=CC=CC=C5)(O)C2(C)C)=O)C)O,216.56319024289084,3.069,0.361
56,C1(C2=C(C(C[C@]([C@H]([C@H]3[C@@](C(=O)O1)(C)[C@H](C[C@H]4OC[C@@]34OC(C)=O)O)OC(=O)C5=CC=CC=C5)(O)C2(C)C)O)C)O,216.56319024289084,3.352,0.236
57,C1(C2=C([C@H](C[C@](C([C@H]3[C@@](C(=O)O1)(C)[C@H](C[C@H]4OC[C@@]34OC(C)=O)O)=O)(O)C2(C)C)OC(=O)[C@H](O)[C@@H](NC(=O)C5=CC=CC=C5)C6=CC=CC=C6)C)O,44.618127201448914,4.316,0.156
58,C1(C2=C([C@H](C[C@](C([C@H]3[C@@](C(=O)O1)(C)[C@H](C[C@H]4OC[C@@]34OC(C)=O)O)O)(O)C2(C)C)OC(=O)[C@H](O)[C@@H](NC(=O)C5=CC=CC=C5)C6=CC=CC=C6)C)O,53.78762557892959,4.546,0.135
59,C1(C2=C([C@H](C[C@]([C@H]([C@H]3[C@@](C(=O)O1)(C)C(C[C@H]4OC[C@@]34OC(C)=O)=O)OC(=O)C5=CC=CC=C5)(O)C2(C)C)OC(=O)[C@H](O)[C@@H](NC(=O)C6=CC=CC=C6)C7=CC=CC=C7)C)O,67.21024731232657,4.519,0.105
60,C1(C2=C([C@H](C[C@]([C@H]([C@H]3[C@@](C(=O)O1)(C)[C@H](C[C@H]4OC([C@@]34OC(C)=O)O)O)OC(=O)C5=CC=CC=C5)(O)C2(C)C)OC(=O)[C@H](O)[C@@H](NC(=O)C6=CC=CC=C6)C7=CC=CC=C7)C)O,177.72995369819623,4.324,0.103
61,C1(C2=C([C@H](C[C@]([C@H]([C@H]3[C@@](C(=O)O1)(C)[C@H](C[C@H]4OCC34O)O)OC(=O)C5=CC=CC=C5)(O)C2(C)C)OC(=O)[C@H](O)[C@@H](NC(=O)C6=CC=CC=C6)C7=CC=CC=C7)C)O,457.75096914819426,4.327,0.11
62,C1(C2=C([C@H](C[C@]([C@H]([C@H]3[C@@](C(=O)O1)(C)[C@H](C[C@H]4OC[C@@]34OC(C)=O)O)OC(=O)C5=CC=CC=C5)(O)C2(C)C)OC(=O)C(=O)[C@@H](NC(=O)C6=CC=CC=C6)C7=CC=CC=C7)C)O,65.5083374399909,4.392,0.105
63,C1(C2=C([C@H](C[C@]([C@H]([C@H]3[C@@](C(=O)O1)(C)[C@H](C[C@H]4OC[C@@]34OC(C)=O)O)OC(=O)C5=CC=CC=C5)(O)C2(C)C)OC(=O)[C@H](O)C(C6=CC=CC=C6)O)C)O,65.5083374399909,3.666,0.156
64,C1(C2=C([C@H](C[C@]([C@H]([C@H]3[C@@](C(=O)O1)(C)[C@H](C[C@H]4OC[C@@]34OC(C)=O)O)OC(=O)C5=CC=CC=C5)(O)C2(C)C)OC(=O)[C@H](O)[C@@H](N)C6=CC=CC=C6)C)O,65.5083374399909,4.132,0.156
65,C1(C2=C([C@H](C[C@]([C@H]([C@H]3[C@@](C(=O)O1)(C)[C@H](C[C@H]4OC[C@@]34OC(C)=O)O)OC(=O)C5=CC=CC=C5)(O)C2(C)C)OC(=O)[C@H](O)[C@@H](NC(=O)C6=CC=CC=C6)C7=CC=CC=C7)C)O,65.5083374399909,4.358,0.119
66,C1(C2C([C@H](C[C@]([C@H]([C@H]3[C@@](C(=O)O1)(C)[C@H](C[C@H]4OC[C@@]34OC(C)=O)O)OC(=O)C5=CC=CC=C5)(O)C2(C)C)OC(=O)[C@H](O)[C@@H](NC(=O)C6=CC=CC=C6)C7=CC=CC=C7)C)O,79.2717459286656,4.589,0.155
67,CC(=O)OC(C1=C([C@H](C[C@](C([C@H]2[C@@](C(=O)[O-])(C)[C@H](C[C@H]3OC[C@@]23OC(C)=O)O)=O)(O)C1(C)C)OC(=O)[C@H](O)[C@@H](NC(=O)C4=CC=CC=C4)C5=CC=CC=C5)C)O,2021.0510247804702,3.97,0.083
68,CC(=O)OC(C1=C([C@H](C[C@](C([C@H]2[C@@](C(=O)[O-])(C)[C@H](C[C@H]3OC[C@@]23OC(C)=O)O)O)(O)C1(C)C)OC(=O)[C@H](O)[C@@H](NC(=O)C4=CC=CC=C4)C5=CC=CC=C5)C)O,2636.4269319023683,4.552,0.072
69,CC(=O)OC(C1=C([C@H](C[C@]([C@H]([C@H]2[C@@](C(=O)[O-])(C)C(C[C@H]3OC[C@@]23OC(C)=O)=O)OC(=O)C4=CC=CC=C4)(O)C1(C)C)OC(=O)[C@H](O)[C@@H](NC(=O)C5=CC=CC=C5)C6=CC=CC=C6)C)O,1220.2254714100243,4.397,0.059
70,CC(=O)OC(C1=C([C@H](C[C@]([C@H]([C@H]2[C@@](C(=O)[O-])(C)[C@H](C[C@H]3OC[C@@]23OC(C)=O)O)OC(=O)C4=CC=CC=C4)(O)C1(C)C)OC(=O)[C@H](O)[C@@H](NC(=O)C5=CC=CC=C5)C6=CC=CC=C6)C)=O,2888.265366390494,4.6,0.109
71,CC(=O)OC(C1=C([C@H](C[C@]([C@H]([C@H]2[C@@](C(=O)[O-])(C)[C@H](C[C@H]3OC[C@@]23OC(C)=O)O)OC(=O)C4=CC=CC=C4)(O)C1(C)C)OC(=O)[C@H](O)[C@@H](NC(=O)C5=CC=CC=C5)C6=CC=CC=C6)C)O,2888.265366390494,4.464,0.067
72,CC(=O)OC1C2=C(C(C[C@]([C@H]([C@H]3[C@@](C(=O)O1)(C)[C@H](C[C@H]4OC[C@@]34OC(C)=O)O)OC(=O)C5=CC=CC=C5)(O)C2(C)C)=O)C,480.3625033449782,3.253,0.38
73,CC(=O)OC1C2=C(C(C[C@]([C@H]([C@H]3[C@@](C(=O)O1)(C)[C@H](C[C@H]4OC[C@@]34OC(C)=O)O)OC(=O)C5=CC=CC=C5)(O)C2(C)C)O)C,480.3625033449782,3.645,0.258
74,CC(=O)OC1C2=C(C(OC[C@]([C@H]([C@H]3[C@@](C(=O)O1)(C)[C@H](C[C@H]4OC[C@@]34OC(C)=O)O)OC(=O)C5=CC=CC=C5)(O)C2(C)C)=O)C,287.44909363982424,3.756,0.366
75,CC(=O)OC1C2=C(C)OC(C[C@]([C@H]([C@H]3[C@@](C(=O)O1)(C)[C@H](C[C@H]4OC[C@@]34OC(C)=O)O)OC(=O)C5=CC=CC=C5)(O)C2(C)C)=O,576.1875239907151,3.66,0.369
76,CC(=O)OC1C2=C([C@H](CC(O)(C2(C)C)OC([C@H]3[C@@](C(=O)O1)(C)[C@H](C[C@H]4OC[C@@]34OC(C)=O)O)=O)OC(=O)[C@H](O)[C@@H](NC(=O)C5=CC=CC=C5)C6=CC=CC=C6)C,53.06587976195838,4.485,0.17
77,CC(=O)OC1C2=C([C@H](C[C@](C(OC3[C@@](C(=O)O1)(C)[C@H](C[C@H]4OC[C@@]34OC(C)=O)O)=O)(O)C2(C)C)OC(=O)[C@H](O)[C@@H](NC(=O)C5=CC=CC=C5)C6=CC=CC=C6)C,58.49444696299628,4.307,0.17
78,CC(=O)OC1C2=C([C@H](C[C@](C([C@H]3[C@@](C(=O)O1)(C)C(C[C@H]4OC[C@@]34OC(C)=O)=O)=O)(O)C2(C)C)OC(=O)[C@H](O)[C@@H](NC(=O)C5=CC=CC=C5)C6=CC=CC=C6)C,67.82240949948758,4.565,0.152
79,CC(=O)OC1C2=C([C@H](C[C@](C([C@H]3[C@@](C(=O)O1)(C)C(C[C@H]4OC[C@@]34OC(C)=O)=O)O)(O)C2(C)C)OC(=O)[C@H](O)[C@@H](NC(=O)C5=CC=CC=C5)C6=CC=CC=C6)C,59.746549392699414,4.624,0.131
80,CC(=O)OC1C2=C([C@H](C[C@](C([C@H]3[C@@](C(=O)O1)(C)[C@H](C[C@H]4OC([C@@]34OC(C)=O)O)O)=O)(O)C2(C)C)OC(=O)[C@H](O)[C@@H](NC(=O)C5=CC=CC=C5)C6=CC=CC=C6)C,115.1045196244331,4.318,0.144
81,CC(=O)OC1C2=C([C@H](C[C@](C([C@H]3[C@@](C(=O)O1)(C)[C@H](C[C@H]4OC([C@@]34OC(C)=O)O)O)O)(O)C2(C)C)OC(=O)[C@H](O)[C@@H](NC(=O)C5=CC=CC=C5)C6=CC=CC=C6)C,90.09811994516635,4.48,0.125
82,CC(=O)OC1C2=C([C@H](C[C@](C([C@H]3[C@@](C(=O)O1)(C)[C@H](C[C@H]4OCC34O)O)=O)(O)C2(C)C)OC(=O)[C@H](O)[C@@H](NC(=O)C5=CC=CC=C5)C6=CC=CC=C6)C,57.75670404443613,4.241,0.202
83,CC(=O)OC1C2=C([C@H](C[C@](C([C@H]3[C@@](C(=O)O1)(C)[C@H](C[C@H]4OCC34O)O)O)(O)C2(C)C)OC(=O)[C@H](O)[C@@H](NC(=O)C5=CC=CC=C5)C6=CC=CC=C6)C,72.35546203435356,4.549,0.175
84,CC(=O)OC1C2=C([C@H](C[C@](C([C@H]3[C@@](C(=O)O1)(C)[C@H](C[C@H]4OC[C@@]34OC(C)=O)O)=O)(O)C2(C)C)OC(=O)C(=O)[C@@H](NC(=O)C5=CC=CC=C5)C6=CC=CC=C6)C,40.73039242109336,4.505,0.152
85,CC(=O)OC1C2=C([C@H](C[C@](C([C@H]3[C@@](C(=O)O1)(C)[C@H](C[C@H]4OC[C@@]34OC(C)=O)O)=O)(O)C2(C)C)OC(=O)[C@H](O)C(C5=CC=CC=C5)O)C,40.73039242109336,3.824,0.187
86,CC(=O)OC1C2=C([C@H](C[C@](C([C@H]3[C@@](C(=O)O1)(C)[C@H](C[C@H]4OC[C@@]34OC(C)=O)O)=O)(O)C2(C)C)OC(=O)[C@H](O)[C@@H](N)C5=CC=CC=C5)C,40.73039242109336,4.173,0.186
87,CC(=O)OC1C2=C([C@H](C[C@](C([C@H]3[C@@](C(=O)O1)(C)[C@H](C[C@H]4OC[C@@]34OC(C)=O)O)=O)(O)C2(C)C)OC(=O)[C@H](O)[C@@H](NC(=O)C5=CC=CC=C5)C6=CC=CC=C6)C,40.73039242109336,4.417,0.172
88,CC(=O)OC1C2=C([C@H](C[C@](C([C@H]3[C@@](C(=O)O1)(C)[C@H](C[C@H]4OC[C@@]34OC(C)=O)O)O)(O)C2(C)C)OC(=O)C(=O)[C@@H](NC(=O)C5=CC=CC=C5)C6=CC=CC=C6)C,37.73481040326425,4.652,0.131
89,CC(=O)OC1C2=C([C@H](C[C@](C([C@H]3[C@@](C(=O)O1)(C)[C@H](C[C@H]4OC[C@@]34OC(C)=O)O)O)(O)C2(C)C)OC(=O)[C@H](O)C(C5=CC=CC=C5)O)C,37.73481040326425,3.942,0.158
90,CC(=O)OC1C2=C([C@H](C[C@](C([C@H]3[C@@](C(=O)O1)(C)[C@H](C[C@H]4OC[C@@]34OC(C)=O)O)O)(O)C2(C)C)OC(=O)[C@H](O)[C@@H](N)C5=CC=CC=C5)C,37.73481040326425,4.317,0.158
91,CC(=O)OC1C2=C([C@H](C[C@](C([C@H]3[C@@](C(=O)O1)(C)[C@H](C[C@H]4OC[C@@]34OC(C)=O)O)O)(O)C2(C)C)OC(=O)[C@H](O)[C@@H](NC(=O)C5=CC=CC=C5)C6=CC=CC=C6)C,37.73481040326425,4.659,0.147
92,CC(=O)OC1C2=C([C@H](C[C@]([C@H]([C@@H](C(C(=O)O1)C)[C@]3(OC(C)=O)CO[C@@H]3CC(=O)[O-])OC(=O)C4=CC=CC=C4)(O)C2(C)C)OC(=O)[C@H](O)[C@@H](NC(=O)C5=CC=CC=C5)C6=CC=CC=C6)C,373.04574003238014,4.461,0.127
93,CC(=O)OC1C2=C([C@H](C[C@]([C@H]([C@H]3C(C(=O)O1)(C)OC(C[C@H]4OC[C@@]34OC(C)=O)=O)OC(=O)C5=CC=CC=C5)(O)C2(C)C)OC(=O)[C@H](O)[C@@H](NC(=O)C6=CC=CC=C6)C7=CC=CC=C7)C,102.95481797694518,4.474,0.15
94,CC(=O)OC1C2=C([C@H](C[C@]([C@H]([C@H]3[C@@](C(=O)O1)(C)C(C[C@H]4OC([C@@]34OC(C)=O)O)=O)OC(=O)C5=CC=CC=C5)(O)C2(C)C)OC(=O)[C@H](O)[C@@H](NC(=O)C6=CC=CC=C6)C7=CC=CC=C7)C,266.2292541367782,4.465,0.099
95,CC(=O)OC1C2=C([C@H](C[C@]([C@H]([C@H]3[C@@](C(=O)O1)(C)C(C[C@H]4OCC34O)=O)OC(=O)C5=CC=CC=C5)(O)C2(C)C)OC(=O)[C@H](O)[C@@H](NC(=O)C6=CC=CC=C6)C7=CC=CC=C7)C,161.57778594922667,4.365,0.105
96,CC(=O)OC1C2=C([C@H](C[C@]([C@H]([C@H]3[C@@](C(=O)O1)(C)C(C[C@H]4OC[C@@]34OC(C)=O)=O)OC(=O)C5=CC=CC=C5)(O)C2(C)C)OC(=O)C(=O)[C@@H](NC(=O)C6=CC=CC=C6)C7=CC=CC=C7)C,166.4098420888066,4.543,0.096
97,CC(=O)OC1C2=C([C@H](C[C@]([C@H]([C@H]3[C@@](C(=O)O1)(C)C(C[C@H]4OC[C@@]34OC(C)=O)=O)OC(=O)C5=CC=CC=C5)(O)C2(C)C)OC(=O)[C@H](O)C(C6=CC=CC=C6)O)C,166.4098420888066,4.009,0.152
98,CC(=O)OC1C2=C([C@H](C[C@]([C@H]([C@H]3[C@@](C(=O)O1)(C)C(C[C@H]4OC[C@@]34OC(C)=O)=O)OC(=O)C5=CC=CC=C5)(O)C2(C)C)OC(=O)[C@H](O)[C@@H](N)C6=CC=CC=C6)C,166.4098420888066,4.252,0.152
99,CC(=O)OC1C2=C([C@H](C[C@]([C@H]([C@H]3[C@@](C(=O)O1)(C)C(C[C@H]4OC[C@@]34OC(C)=O)=O)OC(=O)C5=CC=CC=C5)(O)C2(C)C)OC(=O)[C@H](O)[C@@H](NC(=O)C6=CC=CC=C6)C7=CC=CC=C7)C,166.4098420888066,4.562,0.114
100,CC(=O)OC1C2=C([C@H](C[C@]([C@H]([C@H]3[C@@](C(=O)O1)(C)[C@H](C[C@H]4OC(C34O)O)O)OC(=O)C5=CC=CC=C5)(O)C2(C)C)OC(=O)[C@H](O)[C@@H](NC(=O)C6=CC=CC=C6)C7=CC=CC=C7)C,42.48585866416439,4.575,0.103
101,CC(=O)OC1C2=C([C@H](C[C@]([C@H]([C@H]3[C@@](C(=O)O1)(C)[C@H](C[C@H]4OC([C@@]34OC(C)=O)=O)O)OC(=O)C5=CC=CC=C5)(O)C2(C)C)OC(=O)[C@H](O)[C@@H](NC(=O)C6=CC=CC=C6)C7=CC=CC=C7)C,64.0402105568102,4.574,0.13
102,CC(=O)OC1C2=C([C@H](C[C@]([C@H]([C@H]3[C@@](C(=O)O1)(C)[C@H](C[C@H]4OC([C@@]34OC(C)=O)O)O)OC(=O)C5=CC=CC=C5)(O)C2(C)C)OC(=O)C(=O)[C@@H](NC(=O)C6=CC=CC=C6)C7=CC=CC=C7)C,145.87198773504628,4.272,0.099
103,CC(=O)OC1C2=C([C@H](C[C@]([C@H]([C@H]3[C@@](C(=O)O1)(C)[C@H](C[C@H]4OC([C@@]34OC(C)=O)O)O)OC(=O)C5=CC=CC=C5)(O)C2(C)C)OC(=O)[C@H](O)C(C6=CC=CC=C6)O)C,145.87198773504628,3.832,0.145
104,CC(=O)OC1C2=C([C@H](C[C@]([C@H]([C@H]3[C@@](C(=O)O1)(C)[C@H](C[C@H]4OC([C@@]34OC(C)=O)O)O)OC(=O)C5=CC=CC=C5)(O)C2(C)C)OC(=O)[C@H](O)[C@@H](N)C6=CC=CC=C6)C,145.87198773504628,4.069,0.145
105,CC(=O)OC1C2=C([C@H](C[C@]([C@H]([C@H]3[C@@](C(=O)O1)(C)[C@H](C[C@H]4OC([C@@]34OC(C)=O)O)O)OC(=O)C5=CC=CC=C5)(O)C2(C)C)OC(=O)[C@H](O)[C@@H](NC(=O)C6=CC=CC=C6)C7=CC=CC=C7)C,145.87198773504628,4.415,0.112
106,CC(=O)OC1C2=C([C@H](C[C@]([C@H]([C@H]3[C@@](C(=O)O1)(C)[C@H](C[C@H]4OCC34O)O)OC(=O)C5=CC=CC=C5)(O)C2(C)C)OC(=O)C(=O)[C@@H](NC(=O)C6=CC=CC=C6)C7=CC=CC=C7)C,208.13360611556962,4.341,0.105
107,CC(=O)OC1C2=C([C@H](C[C@]([C@H]([C@H]3[C@@](C(=O)O1)(C)[C@H](C[C@H]4OCC34O)O)OC(=O)C5=CC=CC=C5)(O)C2(C)C)OC(=O)[C@H](O)C(C6=CC=CC=C6)O)C,208.13360611556962,3.645,0.156
108,CC(=O)OC1C2=C([C@H](C[C@]([C@H]([C@H]3[C@@](C(=O)O1)(C)[C@H](C[C@H]4OCC34O)O)OC(=O)C5=CC=CC=C5)(O)C2(C)C)OC(=O)[C@H](O)[C@@H](N)C6=CC=CC=C6)C,208.13360611556962,3.919,0.156
109,CC(=O)OC1C2=C([C@H](C[C@]([C@H]([C@H]3[C@@](C(=O)O1)(C)[C@H](C[C@H]4OCC34O)O)OC(=O)C5=CC=CC=C5)(O)C2(C)C)OC(=O)[C@H](O)[C@@H](NC(=O)C6=CC=CC=C6)C7=CC=CC=C7)C,208.13360611556962,4.423,0.119
110,CC(=O)OC1C2=C([C@H](C[C@]([C@H]([C@H]3[C@@](C(=O)O1)(C)[C@H](C[C@H]4OC[C@@]34OC(C)=O)O)OC(=O)C5=CC=CC=C5)(O)C2(C)C)OC(=O)C(=O)C(C6=CC=CC=C6)O)C,105.8706318625229,3.866,0.152
111,CC(=O)OC1C2=C([C@H](C[C@]([C@H]([C@H]3[C@@](C(=O)O1)(C)[C@H](C[C@H]4OC[C@@]34OC(C)=O)O)OC(=O)C5=CC=CC=C5)(O)C2(C)C)OC(=O)C(=O)[C@@H](N)C6=CC=CC=C6)C,105.8706318625229,4.137,0.152
112,CC(=O)OC1C2=C([C@H](C[C@]([C@H]([C@H]3[C@@](C(=O)O1)(C)[C@H](C[C@H]4OC[C@@]34OC(C)=O)O)OC(=O)C5=CC=CC=C5)(O)C2(C)C)OC(=O)C(=O)[C@@H](NC(=O)C6=CC=CC=C6)C7=CC=CC=C7)C,105.8706318625229,4.531,0.114
113,CC(=O)OC1C2=C([C@H](C[C@]([C@H]([C@H]3[C@@](C(=O)O1)(C)[C@H](C[C@H]4OC[C@@]34OC(C)=O)O)OC(=O)C5=CC=CC=C5)(O)C2(C)C)OC(=O)CC(N)(C6=CC=CC=C6)O)C,105.8706318625229,3.538,0.131
114,CC(=O)OC1C2=C([C@H](C[C@]([C@H]([C@H]3[C@@](C(=O)O1)(C)[C@H](C[C@H]4OC[C@@]34OC(C)=O)O)OC(=O)C5=CC=CC=C5)(O)C2(C)C)OC(=O)[C@H](O)C(C6=CC=CC=C6)=O)C,105.8706318625229,3.904,0.116
115,CC(=O)OC1C2=C([C@H](C[C@]([C@H]([C@H]3[C@@](C(=O)O1)(C)[C@H](C[C@H]4OC[C@@]34OC(C)=O)O)OC(=O)C5=CC=CC=C5)(O)C2(C)C)OC(=O)[C@H](O)C(C6=CC=CC=C6)O)C,105.8706318625229,3.945,0.172
116,CC(=O)OC1C2=C([C@H](C[C@]([C@H]([C@H]3[C@@](C(=O)O1)(C)[C@H](C[C@H]4OC[C@@]34OC(C)=O)O)OC(=O)C5=CC=CC=C5)(O)C2(C)C)OC(=O)[C@H](O)[C@@H](N)C6=CC=CC=C6)C,105.8706318625229,4.353,0.172
117,CC(=O)OC1C2=C([C@H](C[C@]([C@H]([C@H]3[C@@](C(=O)O1)(C)[C@H](C[C@H]4OC[C@@]34OC(C)=O)O)OC(=O)C5=CC=CC=C5)(O)C2(C)C)OC(=O)[C@H](O)[C@@H](NC(=O)C6=CC=CC=C6)C7=CC=CC=C7)C,105.8706318625229,4.512,0.129
118,CC(=O)OC1C2C(C(C[C@]([C@H]([C@H]3[C@@](C(=O)O1)(C)[C@H](C[C@H]4OC[C@@]34OC(C)=O)O)OC(=O)C5=CC=CC=C5)(O)C2(C)C)O)C,399.45082077982227,3.401,0.334
119,CC(=O)OC1C2C([C@H](C[C@](C([C@H]3[C@@](C(=O)O1)(C)[C@H](C[C@H]4OC[C@@]34OC(C)=O)O)=O)(O)C2(C)C)OC(=O)[C@H](O)[C@@H](NC(=O)C5=CC=CC=C5)C6=CC=CC=C6)C,65.6278424961206,4.54,0.223
120,CC(=O)OC1C2C([C@H](C[C@](C([C@H]3[C@@](C(=O)O1)(C)[C@H](C[C@H]4OC[C@@]34OC(C)=O)O)O)(O)C2(C)C)OC(=O)[C@H](O)[C@@H](NC(=O)C5=CC=CC=C5)C6=CC=CC=C6)C,128.25721862983025,4.719,0.191
121,CC(=O)OC1C2C([C@H](C[C@]([C@H]([C@H]3[C@@](C(=O)O1)(C)C(C[C@H]4OC[C@@]34OC(C)=O)=O)OC(=O)C5=CC=CC=C5)(O)C2(C)C)OC(=O)[C@H](O)[C@@H](NC(=O)C6=CC=CC=C6)C7=CC=CC=C7)C,196.76471454639187,4.749,0.15
122,CC(=O)OC1C2C([C@H](C[C@]([C@H]([C@H]3[C@@](C(=O)O1)(C)[C@H](C[C@H]4OC([C@@]34OC(C)=O)O)O)OC(=O)C5=CC=CC=C5)(O)C2(C)C)OC(=O)[C@H](O)[C@@H](NC(=O)C6=CC=CC=C6)C7=CC=CC=C7)C,320.19952609476996,4.378,0.145
123,CC(=O)OC1C2C([C@H](C[C@]([C@H]([C@H]3[C@@](C(=O)O1)(C)[C@H](C[C@H]4OCC34O)O)OC(=O)C5=CC=CC=C5)(O)C2(C)C)OC(=O)[C@H](O)[C@@H](NC(=O)C6=CC=CC=C6)C7=CC=CC=C7)C,234.97221042098212,4.499,0.155
124,CC(=O)OC1C2C([C@H](C[C@]([C@H]([C@H]3[C@@](C(=O)O1)(C)[C@H](C[C@H]4OC[C@@]34OC(C)=O)O)OC(=O)C5=CC=CC=C5)(O)C2(C)C)OC(=O)C(=O)[C@@H](NC(=O)C6=CC=CC=C6)C7=CC=CC=C7)C,307.7251516510499,4.748,0.15
125,CC(=O)OC1C2C([C@H](C[C@]([C@H]([C@H]3[C@@](C(=O)O1)(C)[C@H](C[C@H]4OC[C@@]34OC(C)=O)O)OC(=O)C5=CC=CC=C5)(O)C2(C)C)OC(=O)[C@H](O)C(C6=CC=CC=C6)O)C,307.7251516510499,4.1,0.223
126,CC(=O)OC1C2C([C@H](C[C@]([C@H]([C@H]3[C@@](C(=O)O1)(C)[C@H](C[C@H]4OC[C@@]34OC(C)=O)O)OC(=O)C5=CC=CC=C5)(O)C2(C)C)OC(=O)[C@H](O)[C@@H](N)C6=CC=CC=C6)C,307.7251516510499,4.446,0.223
127,CC(=O)OC1C2C([C@H](C[C@]([C@H]([C@H]3[C@@](C(=O)O1)(C)[C@H](C[C@H]4OC[C@@]34OC(C)=O)O)OC(=O)C5=CC=CC=C5)(O)C2(C)C)OC(=O)[C@H](O)[C@@H](NC(=O)C6=CC=CC=C6)C7=CC=CC=C7)C,307.7251516510499,4.721,0.169
128,CC(=O)O[C@@H](C(=O)[C@@]1(C)C([C@]2(OC(C)=O)CO[C@@H]2C[C@@H]1O)O)C3=C([C@H](C[C@](C([O-])=O)(O)C3(C)C)OC(=O)[C@H](O)[C@@H](NC(=O)C4=CC=CC=C4)C5=CC=CC=C5)C,2862.9628960200307,3.955,0.108
129,CC(=O)O[C@H]1C(=O)C(C)([C@H]([C@H](OC(=O)C2=CC=CC=C2)[C@]3(O)C[C@H](OC(=O)[C@H](O)[C@@H](NC(=O)C4=CC=CC=C4)C5=CC=CC=C5)C(C)=C1C3(C)C)[C@]6(OC(C)=O)CO[C@@H]6CC(=O)[O-])O,1164.1668903989264,4.325,0.108
130,CC(=O)O[C@H]1C(=O)C(C)[C@H](C(=O)[C@]2(O)C[C@H](OC(=O)[C@H](O)[C@@H](NC(=O)C3=CC=CC=C3)C4=CC=CC=C4)C(C)=C1C2(C)C)[C@]5(OC(C)=O)CO[C@@H]5CC(=O)[O-],1457.6567936493025,3.915,0.165
131,CC(=O)O[C@H]1C(=O)C(C)[C@H](C([C@]2(O)C[C@H](OC(=O)[C@H](O)[C@@H](NC(=O)C3=CC=CC=C3)C4=CC=CC=C4)C(C)=C1C2(C)C)O)[C@]5(OC(C)=O)CO[C@@H]5CC(=O)[O-],286.95527762413275,4.251,0.141
132,CC(=O)O[C@H]1C(=O)C(C)[C@H]([C@H](OC(=O)C2=CC=CC=C2)[C@]3(O)C[C@H](OC(=O)C(=O)[C@@H](NC(=O)C4=CC=CC=C4)C5=CC=CC=C5)C(C)=C1C3(C)C)[C@]6(OC(C)=O)CO[C@@H]6CC(=O)[O-],125.47177104400686,4.105,0.109
133,CC(=O)O[C@H]1C(=O)C(C)[C@H]([C@H](OC(=O)C2=CC=CC=C2)[C@]3(O)C[C@H](OC(=O)[C@H](O)C(C4=CC=CC=C4)O)C(C)=C1C3(C)C)[C@]5(OC(C)=O)CO[C@@H]5CC(=O)[O-],5734.698495512991,3.74,0.166
134,CC(=O)O[C@H]1C(=O)C(C)[C@H]([C@H](OC(=O)C2=CC=CC=C2)[C@]3(O)C[C@H](OC(=O)[C@H](O)[C@@H](N)C4=CC=CC=C4)C(C)=C1C3(C)C)[C@]5(OC(C)=O)CO[C@@H]5CC(=O)[O-],3986.2101284037926,4.07,0.166
135,CC(=O)O[C@H]1C(=O)C(C)[C@H]([C@H](OC(=O)C2=CC=CC=C2)[C@]3(O)C[C@H](OC(=O)[C@H](O)[C@@H](NC(=O)C4=CC=CC=C4)C5=CC=CC=C5)C(C)=C1C3(C)C)C6(CO[C@@H]6CC(=O)[O-])O,2900.6149550581436,4.236,0.116
136,CC(=O)O[C@H]1C(=O)C(C)[C@H]([C@H](OC(=O)C2=CC=CC=C2)[C@]3(O)C[C@H](OC(=O)[C@H](O)[C@@H](NC(=O)C4=CC=CC=C4)C5=CC=CC=C5)C(C)=C1C3(C)C)[C@]6(OC(C)=O)C(O[C@@H]6CC(=O)[O-])O,2900.6149550581436,4.589,0.109
137,CC(=O)O[C@H]1C(=O)C(C)[C@H]([C@H](OC(=O)C2=CC=CC=C2)[C@]3(O)C[C@H](OC(=O)[C@H](O)[C@@H](NC(=O)C4=CC=CC=C4)C5=CC=CC=C5)C(C)=C1C3(C)C)[C@]6(OC(C)=O)CO[C@@H]6CC(=O)[O-],2900.6149550581436,4.409,0.127
138,CC(=O)O[C@H]1C(=O)C2(C)[C@H](C(=O)[C@]3(O)C[C@H](OC(=O)[C@H](O)[C@@H](NC(=O)C4=CC=CC=C4)C5=CC=CC=C5)C(C)=C1C3(C)C)[C@]6(OC(C)=O)CO[C@@H]6CC(=O)O2,6723.342263485477,4.502,0.199
139,CC(=O)O[C@H]1C(=O)C2(C)[C@H](C([C@]3(O)C[C@H](OC(=O)[C@H](O)[C@@H](NC(=O)C4=CC=CC=C4)C5=CC=CC=C5)C(C)=C1C3(C)C)O)[C@]6(OC(C)=O)CO[C@@H]6CC(=O)O2,1797.4735720060569,4.48,0.171
140,CC(=O)O[C@H]1C(=O)C2(C)[C@H]([C@H](OC(=O)C3=CC=CC=C3)[C@]4(O)CC(C(C)=C1C4(C)C)O)[C@]5(OC(C)=O)CO[C@@H]5CC(=O)O2,246.53149310890728,3.492,0.291
141,CC(=O)O[C@H]1C(=O)C2(C)[C@H]([C@H](OC(=O)C3=CC=CC=C3)[C@]4(O)C[C@H](OC(=O)C(=O)[C@@H](NC(=O)C5=CC=CC=C5)C6=CC=CC=C6)C(C)=C1C4(C)C)[C@]7(OC(C)=O)CO[C@@H]7CC(=O)O2,81.01999725269583,4.363,0.128
142,CC(=O)O[C@H]1C(=O)C2(C)[C@H]([C@H](OC(=O)C3=CC=CC=C3)[C@]4(O)C[C@H](OC(=O)[C@H](O)C(C5=CC=CC=C5)O)C(C)=C1C4(C)C)[C@]6(OC(C)=O)CO[C@@H]6CC(=O)O2,821.302410618437,3.547,0.2
143,CC(=O)O[C@H]1C(=O)C2(C)[C@H]([C@H](OC(=O)C3=CC=CC=C3)[C@]4(O)C[C@H](OC(=O)[C@H](O)[C@@H](N)C5=CC=CC=C5)C(C)=C1C4(C)C)[C@]6(OC(C)=O)CO[C@@H]6CC(=O)O2,556.945136803386,4.008,0.199
144,CC(=O)O[C@H]1C(=O)C2(C)[C@H]([C@H](OC(=O)C3=CC=CC=C3)[C@]4(O)C[C@H](OC(=O)[C@H](O)[C@@H](NC(=O)C5=CC=CC=C5)C6=CC=CC=C6)C(C)=C1C4(C)C)C7(CO[C@@H]7CC(=O)O2)O,419.0453708023155,4.056,0.138
145,CC(=O)O[C@H]1C(=O)C2(C)[C@H]([C@H](OC(=O)C3=CC=CC=C3)[C@]4(O)C[C@H](OC(=O)[C@H](O)[C@@H](NC(=O)C5=CC=CC=C5)C6=CC=CC=C6)C(C)=C1C4(C)C)[C@]7(OC(C)=O)C(O[C@@H]7CC(=O)O2)O,419.0453708023155,4.214,0.13
146,CC(=O)O[C@H]1C(=O)C2(C)[C@H]([C@H](OC(=O)C3=CC=CC=C3)[C@]4(O)C[C@H](OC(=O)[C@H](O)[C@@H](NC(=O)C5=CC=CC=C5)C6=CC=CC=C6)C(C)=C1C4(C)C)[C@]7(OC(C)=O)CO[C@@H]7CC(=O)O2,419.0453708023155,4.252,0.15
147,CC(=O)O[C@H]1C(=O)C2(C)[C@H]([C@H](OC(=O)C3=CC=CC=C3)[C@]4(O)C[C@H](OC(=O)[C@H](O)[C@@H](NC(=O)C5=CC=CC=C5)C6=CC=CC=C6)C(C)C1C4(C)C)[C@]7(OC(C)=O)CO[C@@H]7CC(=O)O2,419.0453708023155,4.379,0.195
148,CC(=O)O[C@H]1C(=O)[C@@]2(C)C(C3(CO[C@@H]3C[C@@H]2O)O)OC(=O)[C@]4(O)C[C@H](OC(=O)[C@H](O)[C@@H](NC(=O)C5=CC=CC=C5)C6=CC=CC=C6)C(C)=C1C4(C)C,4256.495339080929,3.892,0.155
149,CC(=O)O[C@H]1C(=O)[C@@]2(C)C([C@]3(OC(C)=O)C(O[C@@H]3C[C@@H]2O)O)OC(=O)[C@]4(O)C[C@H](OC(=O)[C@H](O)[C@@H](NC(=O)C5=CC=CC=C5)C6=CC=CC=C6)C(C)=C1C4(C)C,2008.433233333181,3.525,0.143
150,CC(=O)O[C@H]1C(=O)[C@@]2(C)C([C@]3(OC(C)=O)CO[C@@H]3CC2=O)OC(=O)[C@]4(O)C[C@H](OC(=O)[C@H](O)[C@@H](NC(=O)C5=CC=CC=C5)C6=CC=CC=C6)C(C)=C1C4(C)C,3059.2889542192047,4.412,0.152
151,CC(=O)O[C@H]1C(=O)[C@@]2(C)C([C@]3(OC(C)=O)CO[C@@H]3C[C@@H]2O)OC(=O)[C@]4(O)C[C@H](OC(=O)C(=O)[C@@H](NC(=O)C5=CC=CC=C5)C6=CC=CC=C6)C(C)=C1C4(C)C,3531.407894955522,4.162,0.152
152,CC(=O)O[C@H]1C(=O)[C@@]2(C)C([C@]3(OC(C)=O)CO[C@@H]3C[C@@H]2O)OC(=O)[C@]4(O)C[C@H](OC(=O)[C@H](O)C(C5=CC=CC=C5)O)C(C)=C1C4(C)C,11696.248043131975,3.402,0.184
153,CC(=O)O[C@H]1C(=O)[C@@]2(C)C([C@]3(OC(C)=O)CO[C@@H]3C[C@@H]2O)OC(=O)[C@]4(O)C[C@H](OC(=O)[C@H](O)[C@@H](N)C5=CC=CC=C5)C(C)=C1C4(C)C,15194.599674185662,3.782,0.184
154,CC(=O)O[C@H]1C(=O)[C@@]2(C)C([C@]3(OC(C)=O)CO[C@@H]3C[C@@H]2O)OC(=O)[C@]4(O)C[C@H](OC(=O)[C@H](O)[C@@H](NC(=O)C5=CC=CC=C5)C6=CC=CC=C6)C(C)=C1C4(C)C,15194.599674185662,4.175,0.171
155,CC(=O)O[C@H]1C(=O)[C@@]2(C)C([C@]3(OC(C)=O)CO[C@@H]3C[C@@H]2O)OC(=O)[C@]4(O)C[C@H](OC(=O)[C@H](O)[C@@H](NC(=O)C5=CC=CC=C5)C6=CC=CC=C6)C(C)C1C4(C)C,15194.599674185662,4.432,0.222
156,CC(=O)O[C@H]1C(=O)[C@@]2(C)[C@H](C(=O)[C@]3(O)C[C@H](OC(=O)C(=O)C(C4=CC=CC=C4)O)C(C)=C1C3(C)C)[C@]5(OC(C)=O)CO[C@@H]5C[C@@H]2O,336.86308572646567,3.361,0.171
157,CC(=O)O[C@H]1C(=O)[C@@]2(C)[C@H](C(=O)[C@]3(O)C[C@H](OC(=O)C(=O)[C@@H](N)C4=CC=CC=C4)C(C)=C1C3(C)C)[C@]5(OC(C)=O)CO[C@@H]5C[C@@H]2O,3261.728148238108,3.725,0.17
158,CC(=O)O[C@H]1C(=O)[C@@]2(C)[C@H](C(=O)[C@]3(O)C[C@H](OC(=O)C(=O)[C@@H](NC(=O)C4=CC=CC=C4)C5=CC=CC=C5)C(C)=C1C3(C)C)C6(CO[C@@H]6C[C@@H]2O)O,1358.4369138795203,3.68,0.185
159,CC(=O)O[C@H]1C(=O)[C@@]2(C)[C@H](C(=O)[C@]3(O)C[C@H](OC(=O)C(=O)[C@@H](NC(=O)C4=CC=CC=C4)C5=CC=CC=C5)C(C)=C1C3(C)C)[C@]6(OC(C)=O)CO[C@@H]6C[C@@H]2O,1358.4369138795203,4.195,0.154
160,CC(=O)O[C@H]1C(=O)[C@@]2(C)[C@H](C(=O)[C@]3(O)C[C@H](OC(=O)[C@H](O)C(C4=CC=CC=C4)=O)C(C)=C1C3(C)C)[C@]5(OC(C)=O)CO[C@@H]5C[C@@H]2O,6771.258645127749,3.61,0.129
161,CC(=O)O[C@H]1C(=O)[C@@]2(C)[C@H](C(=O)[C@]3(O)C[C@H](OC(=O)[C@H](O)C(C4=CC=CC=C4)O)C(C)=C1C3(C)C)C5(CO[C@@H]5C[C@@H]2O)O,1511.257451384121,3.115,0.225
162,CC(=O)O[C@H]1C(=O)[C@@]2(C)[C@H](C(=O)[C@]3(O)C[C@H](OC(=O)[C@H](O)C(C4=CC=CC=C4)O)C(C)=C1C3(C)C)[C@]5(OC(C)=O)C(O[C@@H]5C[C@@H]2O)O,1789.9857716942715,3.197,0.153
163,CC(=O)O[C@H]1C(=O)[C@@]2(C)[C@H](C(=O)[C@]3(O)C[C@H](OC(=O)[C@H](O)C(C4=CC=CC=C4)O)C(C)=C1C3(C)C)[C@]5(OC(C)=O)CO[C@@H]5C[C@@H]2O,1789.9857716942715,3.47,0.191
164,CC(=O)O[C@H]1C(=O)[C@@]2(C)[C@H](C(=O)[C@]3(O)C[C@H](OC(=O)[C@H](O)[C@@H](N)C4=CC=CC=C4)C(C)=C1C3(C)C)C5(CO[C@@H]5C[C@@H]2O)O,10541.339798825926,3.383,0.224
165,CC(=O)O[C@H]1C(=O)[C@@]2(C)[C@H](C(=O)[C@]3(O)C[C@H](OC(=O)[C@H](O)[C@@H](N)C4=CC=CC=C4)C(C)=C1C3(C)C)[C@]5(OC(C)=O)CO[C@@H]5C[C@@H]2O,10541.339798825926,3.841,0.191
166,CC(=O)O[C@H]1C(=O)[C@@]2(C)[C@H](C(=O)[C@]3(O)C[C@H](OC(=O)[C@H](O)[C@@H](NC(=O)C4=CC=CC=C4)C5=CC=CC=C5)C(C)=C1C3(C)C)C6(C(O[C@@H]6C[C@@H]2O)O)O,5429.028699205698,3.785,0.172
167,CC(=O)O[C@H]1C(=O)[C@@]2(C)[C@H](C(=O)[C@]3(O)C[C@H](OC(=O)[C@H](O)[C@@H](NC(=O)C4=CC=CC=C4)C5=CC=CC=C5)C(C)=C1C3(C)C)C6(CO[C@@H]6CC2=O)O,5429.028699205698,4.045,0.185
168,CC(=O)O[C@H]1C(=O)[C@@]2(C)[C@H](C(=O)[C@]3(O)C[C@H](OC(=O)[C@H](O)[C@@H](NC(=O)C4=CC=CC=C4)C5=CC=CC=C5)C(C)=C1C3(C)C)C6(CO[C@@H]6C[C@@H]2O)O,5429.028699205698,3.753,0.205
169,CC(=O)O[C@H]1C(=O)[C@@]2(C)[C@H](C(=O)[C@]3(O)C[C@H](OC(=O)[C@H](O)[C@@H](NC(=O)C4=CC=CC=C4)C5=CC=CC=C5)C(C)=C1C3(C)C)[C@]6(OC(C)=O)C(O[C@@H]6CC2=O)O,5429.028699205698,4.048,0.13
170,CC(=O)O[C@H]1C(=O)[C@@]2(C)[C@H](C(=O)[C@]3(O)C[C@H](OC(=O)[C@H](O)[C@@H](NC(=O)C4=CC=CC=C4)C5=CC=CC=C5)C(C)=C1C3(C)C)[C@]6(OC(C)=O)C(O[C@@H]6C[C@@H]2O)=O,5429.028699205698,4.152,0.17
171,CC(=O)O[C@H]1C(=O)[C@@]2(C)[C@H](C(=O)[C@]3(O)C[C@H](OC(=O)[C@H](O)[C@@H](NC(=O)C4=CC=CC=C4)C5=CC=CC=C5)C(C)=C1C3(C)C)[C@]6(OC(C)=O)C(O[C@@H]6C[C@@H]2O)O,5429.028699205698,3.767,0.145
172,CC(=O)O[C@H]1C(=O)[C@@]2(C)[C@H](C(=O)[C@]3(O)C[C@H](OC(=O)[C@H](O)[C@@H](NC(=O)C4=CC=CC=C4)C5=CC=CC=C5)C(C)=C1C3(C)C)[C@]6(OC(C)=O)CO[C@@H]6CC2=O,5429.028699205698,4.284,0.154
173,CC(=O)O[C@H]1C(=O)[C@@]2(C)[C@H](C(=O)[C@]3(O)C[C@H](OC(=O)[C@H](O)[C@@H](NC(=O)C4=CC=CC=C4)C5=CC=CC=C5)C(C)=C1C3(C)C)[C@]6(OC(C)=O)CO[C@@H]6C[C@@H]2O,5429.028699205698,4.081,0.173
174,CC(=O)O[C@H]1C(=O)[C@@]2(C)[C@H](C(=O)[C@]3(O)C[C@H](OC(=O)[C@H](O)[C@@H](NC(=O)C4=CC=CC=C4)C5=CC=CC=C5)C(C)C1C3(C)C)[C@]6(OC(C)=O)CO[C@@H]6C[C@@H]2O,5429.028699205698,4.104,0.225
175,CC(=O)O[C@H]1C(=O)[C@@]2(C)[C@H](C([C@]3(O)CC(=O)C(C)=C1C3(C)C)O)[C@]4(OC(C)=O)CO[C@@H]4C[C@@H]2O,1608.4146133346405,3.119,0.46
176,CC(=O)O[C@H]1C(=O)[C@@]2(C)[C@H](C([C@]3(O)CC(C(C)=C1C3(C)C)O)O)[C@]4(OC(C)=O)CO[C@@H]4C[C@@H]2O,860.3274354663984,3.269,0.306
177,CC(=O)O[C@H]1C(=O)[C@@]2(C)[C@H](C([C@]3(O)COC(=O)C(C)=C1C3(C)C)O)[C@]4(OC(C)=O)CO[C@@H]4C[C@@H]2O,744.7642371655244,3.521,0.336
178,CC(=O)O[C@H]1C(=O)[C@@]2(C)[C@H](C([C@]3(O)C[C@H](OC(=O)C(=O)C(C4=CC=CC=C4)O)C(C)=C1C3(C)C)O)[C@]5(OC(C)=O)CO[C@@H]5C[C@@H]2O,995.3554768302959,3.161,0.146
179,CC(=O)O[C@H]1C(=O)[C@@]2(C)[C@H](C([C@]3(O)C[C@H](OC(=O)C(=O)[C@@H](N)C4=CC=CC=C4)C(C)=C1C3(C)C)O)[C@]5(OC(C)=O)CO[C@@H]5C[C@@H]2O,1010.0814240715713,3.415,0.145
180,CC(=O)O[C@H]1C(=O)[C@@]2(C)[C@H](C([C@]3(O)C[C@H](OC(=O)C(=O)[C@@H](NC(=O)C4=CC=CC=C4)C5=CC=CC=C5)C(C)=C1C3(C)C)O)C6(CO[C@@H]6C[C@@H]2O)O,878.9766859360234,3.998,0.158
181,CC(=O)O[C@H]1C(=O)[C@@]2(C)[C@H](C([C@]3(O)C[C@H](OC(=O)C(=O)[C@@H](NC(=O)C4=CC=CC=C4)C5=CC=CC=C5)C(C)=C1C3(C)C)O)[C@]6(OC(C)=O)C(O[C@@H]6C[C@@H]2O)O,878.9766859360234,3.85,0.111
182,CC(=O)O[C@H]1C(=O)[C@@]2(C)[C@H](C([C@]3(O)C[C@H](OC(=O)C(=O)[C@@H](NC(=O)C4=CC=CC=C4)C5=CC=CC=C5)C(C)=C1C3(C)C)O)[C@]6(OC(C)=O)CO[C@@H]6CC2=O,878.9766859360234,4.452,0.117
183,CC(=O)O[C@H]1C(=O)[C@@]2(C)[C@H](C([C@]3(O)C[C@H](OC(=O)C(=O)[C@@H](NC(=O)C4=CC=CC=C4)C5=CC=CC=C5)C(C)=C1C3(C)C)O)[C@]6(OC(C)=O)CO[C@@H]6C[C@@H]2O,878.9766859360234,4.117,0.132
184,CC(=O)O[C@H]1C(=O)[C@@]2(C)[C@H](C([C@]3(O)C[C@H](OC(=O)CC(N)(C4=CC=CC=C4)O)C(C)=C1C3(C)C)O)[C@]5(OC(C)=O)CO[C@@H]5C[C@@H]2O,1652.5910547273857,3.218,0.124
185,CC(=O)O[C@H]1C(=O)[C@@]2(C)[C@H](C([C@]3(O)C[C@H](OC(=O)[C@H](O)C(C4=CC=CC=C4)=O)C(C)=C1C3(C)C)O)[C@]5(OC(C)=O)CO[C@@H]5C[C@@H]2O,2554.392307451827,3.432,0.11
186,CC(=O)O[C@H]1C(=O)[C@@]2(C)[C@H](C([C@]3(O)C[C@H](OC(=O)[C@H](O)C(C4=CC=CC=C4)O)C(C)=C1C3(C)C)O)C5(CO[C@@H]5C[C@@H]2O)O,2787.3614588520154,3.204,0.192
187,CC(=O)O[C@H]1C(=O)[C@@]2(C)[C@H](C([C@]3(O)C[C@H](OC(=O)[C@H](O)C(C4=CC=CC=C4)O)C(C)=C1C3(C)C)O)[C@]5(OC(C)=O)C(O[C@@H]5C[C@@H]2O)O,1609.145891893662,3.15,0.131
188,CC(=O)O[C@H]1C(=O)[C@@]2(C)[C@H](C([C@]3(O)C[C@H](OC(=O)[C@H](O)C(C4=CC=CC=C4)O)C(C)=C1C3(C)C)O)[C@]5(OC(C)=O)CO[C@@H]5CC2=O,1609.145891893662,3.675,0.146
189,CC(=O)O[C@H]1C(=O)[C@@]2(C)[C@H](C([C@]3(O)C[C@H](OC(=O)[C@H](O)C(C4=CC=CC=C4)O)C(C)=C1C3(C)C)O)[C@]5(OC(C)=O)CO[C@@H]5C[C@@H]2O,1609.145891893662,3.306,0.162
190,CC(=O)O[C@H]1C(=O)[C@@]2(C)[C@H](C([C@]3(O)C[C@H](OC(=O)[C@H](O)[C@@H](N)C4=CC=CC=C4)C(C)=C1C3(C)C)O)C5(CO[C@@H]5C[C@@H]2O)O,6284.589293988636,3.545,0.192
191,CC(=O)O[C@H]1C(=O)[C@@]2(C)[C@H](C([C@]3(O)C[C@H](OC(=O)[C@H](O)[C@@H](N)C4=CC=CC=C4)C(C)=C1C3(C)C)O)[C@]5(OC(C)=O)C(O[C@@H]5C[C@@H]2O)O,6284.589293988636,3.373,0.131
192,CC(=O)O[C@H]1C(=O)[C@@]2(C)[C@H](C([C@]3(O)C[C@H](OC(=O)[C@H](O)[C@@H](N)C4=CC=CC=C4)C(C)=C1C3(C)C)O)[C@]5(OC(C)=O)CO[C@@H]5CC2=O,6284.589293988636,3.887,0.145
193,CC(=O)O[C@H]1C(=O)[C@@]2(C)[C@H](C([C@]3(O)C[C@H](OC(=O)[C@H](O)[C@@H](N)C4=CC=CC=C4)C(C)=C1C3(C)C)O)[C@]5(OC(C)=O)CO[C@@H]5C[C@@H]2O,6284.589293988636,3.624,0.161
194,CC(=O)O[C@H]1C(=O)[C@@]2(C)[C@H](C([C@]3(O)C[C@H](OC(=O)[C@H](O)[C@@H](NC(=O)C4=CC=CC=C4)C5=CC=CC=C5)C(C)=C1C3(C)C)O)C6(C(O[C@@H]6C[C@@H]2O)O)O,5308.394471155194,4.219,0.154
195,CC(=O)O[C@H]1C(=O)[C@@]2(C)[C@H](C([C@]3(O)C[C@H](OC(=O)[C@H](O)[C@@H](NC(=O)C4=CC=CC=C4)C5=CC=CC=C5)C(C)=C1C3(C)C)O)C6(CO[C@@H]6CC2=O)O,5308.394471155194,4.238,0.158
196,CC(=O)O[C@H]1C(=O)[C@@]2(C)[C@H](C([C@]3(O)C[C@H](OC(=O)[C@H](O)[C@@H](NC(=O)C4=CC=CC=C4)C5=CC=CC=C5)C(C)=C1C3(C)C)O)C6(CO[C@@H]6C[C@@H]2O)O,5308.394471155194,4.019,0.178
197,CC(=O)O[C@H]1C(=O)[C@@]2(C)[C@H](C([C@]3(O)C[C@H](OC(=O)[C@H](O)[C@@H](NC(=O)C4=CC=CC=C4)C5=CC=CC=C5)C(C)=C1C3(C)C)O)[C@]6(OC(C)=O)C(O[C@@H]6CC2=O)O,5308.394471155194,4.113,0.111
198,CC(=O)O[C@H]1C(=O)[C@@]2(C)[C@H](C([C@]3(O)C[C@H](OC(=O)[C@H](O)[C@@H](NC(=O)C4=CC=CC=C4)C5=CC=CC=C5)C(C)=C1C3(C)C)O)[C@]6(OC(C)=O)C(O[C@@H]6C[C@@H]2O)=O,5308.394471155194,4.263,0.145
199,CC(=O)O[C@H]1C(=O)[C@@]2(C)[C@H](C([C@]3(O)C[C@H](OC(=O)[C@H](O)[C@@H](NC(=O)C4=CC=CC=C4)C5=CC=CC=C5)C(C)=C1C3(C)C)O)[C@]6(OC(C)=O)C(O[C@@H]6C[C@@H]2O)O,5308.394471155194,3.715,0.126
200,CC(=O)O[C@H]1C(=O)[C@@]2(C)[C@H](C([C@]3(O)C[C@H](OC(=O)[C@H](O)[C@@H](NC(=O)C4=CC=CC=C4)C5=CC=CC=C5)C(C)=C1C3(C)C)O)[C@]6(OC(C)=O)CO[C@@H]6CC2=O,5308.394471155194,4.375,0.132
201,CC(=O)O[C@H]1C(=O)[C@@]2(C)[C@H](C([C@]3(O)C[C@H](OC(=O)[C@H](O)[C@@H](NC(=O)C4=CC=CC=C4)C5=CC=CC=C5)C(C)=C1C3(C)C)O)[C@]6(OC(C)=O)CO[C@@H]6C[C@@H]2O,5308.394471155194,4.001,0.148
202,CC(=O)O[C@H]1C(=O)[C@@]2(C)[C@H](C([C@]3(O)C[C@H](OC(=O)[C@H](O)[C@@H](NC(=O)C4=CC=CC=C4)C5=CC=CC=C5)C(C)C1C3(C)C)O)C6(CO[C@@H]6C[C@@H]2O)O,5308.394471155194,4.177,0.225
203,CC(=O)O[C@H]1C(=O)[C@@]2(C)[C@H](C([C@]3(O)C[C@H](OC(=O)[C@H](O)[C@@H](NC(=O)C4=CC=CC=C4)C5=CC=CC=C5)C(C)C1C3(C)C)O)[C@]6(OC(C)=O)CO[C@@H]6CC2=O,5308.394471155194,4.322,0.173
204,CC(=O)O[C@H]1C(=O)[C@@]2(C)[C@H](C([C@]3(O)C[C@H](OC(=O)[C@H](O)[C@@H](NC(=O)C4=CC=CC=C4)C5=CC=CC=C5)C(C)C1C3(C)C)O)[C@]6(OC(C)=O)CO[C@@H]6C[C@@H]2O,5308.394471155194,4.344,0.193
205,CC(=O)O[C@H]1C(=O)[C@@]2(C)[C@H]([C@H](OC(=O)C3=CC=CC=C3)[C@](O)(CO)C(C1=C(C([O-])=O)C)(C)C)[C@]4(OC(C)=O)CO[C@@H]4C[C@@H]2O,245.48456183928747,3.404,0.212
206,CC(=O)O[C@H]1C(=O)[C@@]2(C)[C@H]([C@H](OC(=O)C3=CC=CC=C3)[C@]4(O)C(OC(=O)C(C)=C1C4(C)C)O)[C@]5(OC(C)=O)CO[C@@H]5C[C@@H]2O,780.682015179561,3.617,0.318
207,CC(=O)O[C@H]1C(=O)[C@@]2(C)[C@H]([C@H](OC(=O)C3=CC=CC=C3)[C@]4(O)CC(=O)C(C)=C1C4(C)C)C5(CO[C@@H]5C[C@@H]2O)O,2270.751975166127,3.075,0.476
208,CC(=O)O[C@H]1C(=O)[C@@]2(C)[C@H]([C@H](OC(=O)C3=CC=CC=C3)[C@]4(O)CC(=O)C(C)=C1C4(C)C)[C@]5(OC(C)=O)CO[C@@H]5C[C@@H]2O,2417.3678558323136,2.999,0.392
209,CC(=O)O[C@H]1C(=O)[C@@]2(C)[C@H]([C@H](OC(=O)C3=CC=CC=C3)[C@]4(O)CC(=O)C(C)C1C4(C)C)[C@]5(OC(C)=O)CO[C@@H]5C[C@@H]2O,1493.7610133041085,3.239,0.391
210,CC(=O)O[C@H]1C(=O)[C@@]2(C)[C@H]([C@H](OC(=O)C3=CC=CC=C3)[C@]4(O)CC(C(C)=C1C4(C)C)O)C5(C(O[C@@H]5C[C@@H]2O)O)O,208.26298975752385,3.076,0.255
211,CC(=O)O[C@H]1C(=O)[C@@]2(C)[C@H]([C@H](OC(=O)C3=CC=CC=C3)[C@]4(O)CC(C(C)=C1C4(C)C)O)C5(CO[C@@H]5C[C@@H]2O)O,1187.3878217222248,3.238,0.32
212,CC(=O)O[C@H]1C(=O)[C@@]2(C)[C@H]([C@H](OC(=O)C3=CC=CC=C3)[C@]4(O)CC(C(C)=C1C4(C)C)O)[C@]5(OC(C)=O)C(O[C@@H]5C[C@@H]2O)=O,547.9884924973306,3.405,0.255
213,CC(=O)O[C@H]1C(=O)[C@@]2(C)[C@H]([C@H](OC(=O)C3=CC=CC=C3)[C@]4(O)CC(C(C)=C1C4(C)C)O)[C@]5(OC(C)=O)C(O[C@@H]5C[C@@H]2O)O,547.9884924973306,2.974,0.218
214,CC(=O)O[C@H]1C(=O)[C@@]2(C)[C@H]([C@H](OC(=O)C3=CC=CC=C3)[C@]4(O)CC(C(C)=C1C4(C)C)O)[C@]5(OC(C)=O)CO[C@@H]5CC2=O,547.9884924973306,3.792,0.23
215,CC(=O)O[C@H]1C(=O)[C@@]2(C)[C@H]([C@H](OC(=O)C3=CC=CC=C3)[C@]4(O)CC(C(C)=C1C4(C)C)O)[C@]5(OC(C)=O)CO[C@@H]5C[C@@H]2O,547.9884924973306,3.167,0.267
216,CC(=O)O[C@H]1C(=O)[C@@]2(C)[C@H]([C@H](OC(=O)C3=CC=CC=C3)[C@]4(O)CC(C(C)C1C4(C)C)O)[C@]5(OC(C)=O)CO[C@@H]5C[C@@H]2O,691.9223722014889,3.194,0.345
217,CC(=O)O[C@H]1C(=O)[C@@]2(C)[C@H]([C@H](OC(=O)C3=CC=CC=C3)[C@]4(O)COC(=O)C(C)=C1C4(C)C)C5(CO[C@@H]5C[C@@H]2O)O,891.0274639160377,3.326,0.356
218,CC(=O)O[C@H]1C(=O)[C@@]2(C)[C@H]([C@H](OC(=O)C3=CC=CC=C3)[C@]4(O)COC(=O)C(C)=C1C4(C)C)[C@]5(OC(C)=O)C(O[C@@H]5C[C@@H]2O)O,635.9178173361857,3.461,0.318
219,CC(=O)O[C@H]1C(=O)[C@@]2(C)[C@H]([C@H](OC(=O)C3=CC=CC=C3)[C@]4(O)COC(=O)C(C)=C1C4(C)C)[C@]5(OC(C)=O)CO[C@@H]5C[C@@H]2O,635.9178173361857,3.545,0.377
220,CC(=O)O[C@H]1C(=O)[C@@]2(C)[C@H]([C@H](OC(=O)C3=CC=CC=C3)[C@]4(O)COC(=O)C(C)C1C4(C)C)[C@]5(OC(C)=O)CO[C@@H]5C[C@@H]2O,311.0261452392594,3.655,0.375
221,CC(=O)O[C@H]1C(=O)[C@@]2(C)[C@H]([C@H](OC(=O)C3=CC=CC=C3)[C@]4(O)C[C@H](OC(=O)C(=O)C(C5=CC=CC=C5)=O)C(C)=C1C4(C)C)[C@]6(OC(C)=O)CO[C@@H]6C[C@@H]2O,347.9969453608441,3.304,0.1
222,CC(=O)O[C@H]1C(=O)[C@@]2(C)[C@H]([C@H](OC(=O)C3=CC=CC=C3)[C@]4(O)C[C@H](OC(=O)C(=O)C(C5=CC=CC=C5)O)C(C)=C1C4(C)C)C6(CO[C@@H]6C[C@@H]2O)O,320.2452328942332,3.314,0.141
223,CC(=O)O[C@H]1C(=O)[C@@]2(C)[C@H]([C@H](OC(=O)C3=CC=CC=C3)[C@]4(O)C[C@H](OC(=O)C(=O)C(C5=CC=CC=C5)O)C(C)=C1C4(C)C)[C@]6(OC(C)=O)C(O[C@@H]6C[C@@H]2O)O,320.2452328942332,3.229,0.13
224,CC(=O)O[C@H]1C(=O)[C@@]2(C)[C@H]([C@H](OC(=O)C3=CC=CC=C3)[C@]4(O)C[C@H](OC(=O)C(=O)C(C5=CC=CC=C5)O)C(C)=C1C4(C)C)[C@]6(OC(C)=O)CO[C@@H]6CC2=O,320.2452328942332,3.993,0.131
225,CC(=O)O[C@H]1C(=O)[C@@]2(C)[C@H]([C@H](OC(=O)C3=CC=CC=C3)[C@]4(O)C[C@H](OC(=O)C(=O)C(C5=CC=CC=C5)O)C(C)=C1C4(C)C)[C@]6(OC(C)=O)CO[C@@H]6C[C@@H]2O,320.2452328942332,3.274,0.153
226,CC(=O)O[C@H]1C(=O)[C@@]2(C)[C@H]([C@H](OC(=O)C3=CC=CC=C3)[C@]4(O)C[C@H](OC(=O)C(=O)C(C5=CC=CC=C5)O)C(C)C1C4(C)C)[C@]6(OC(C)=O)CO[C@@H]6C[C@@H]2O,320.2452328942332,3.817,0.201
227,CC(=O)O[C@H]1C(=O)[C@@]2(C)[C@H]([C@H](OC(=O)C3=CC=CC=C3)[C@]4(O)C[C@H](OC(=O)C(=O)[C@@H](N)C5=CC=CC=C5)C(C)=C1C4(C)C)C6(CO[C@@H]6C[C@@H]2O)O,115.52917939037401,3.662,0.141
228,CC(=O)O[C@H]1C(=O)[C@@]2(C)[C@H]([C@H](OC(=O)C3=CC=CC=C3)[C@]4(O)C[C@H](OC(=O)C(=O)[C@@H](N)C5=CC=CC=C5)C(C)=C1C4(C)C)[C@]6(OC(C)=O)C(O[C@@H]6C[C@@H]2O)O,115.52917939037401,3.458,0.13
229,CC(=O)O[C@H]1C(=O)[C@@]2(C)[C@H]([C@H](OC(=O)C3=CC=CC=C3)[C@]4(O)C[C@H](OC(=O)C(=O)[C@@H](N)C5=CC=CC=C5)C(C)=C1C4(C)C)[C@]6(OC(C)=O)CO[C@@H]6CC2=O,115.52917939037401,4.039,0.131
230,CC(=O)O[C@H]1C(=O)[C@@]2(C)[C@H]([C@H](OC(=O)C3=CC=CC=C3)[C@]4(O)C[C@H](OC(=O)C(=O)[C@@H](N)C5=CC=CC=C5)C(C)=C1C4(C)C)[C@]6(OC(C)=O)CO[C@@H]6C[C@@H]2O,115.52917939037401,3.584,0.153
231,CC(=O)O[C@H]1C(=O)[C@@]2(C)[C@H]([C@H](OC(=O)C3=CC=CC=C3)[C@]4(O)C[C@H](OC(=O)C(=O)[C@@H](N)C5=CC=CC=C5)C(C)C1C4(C)C)[C@]6(OC(C)=O)CO[C@@H]6C[C@@H]2O,115.52917939037401,4.23,0.201
232,CC(=O)O[C@H]1C(=O)[C@@]2(C)[C@H]([C@H](OC(=O)C3=CC=CC=C3)[C@]4(O)C[C@H](OC(=O)C(=O)[C@@H](NC(=O)C5=CC=CC=C5)C6=CC=CC=C6)C(C)=C1C4(C)C)C7(C(O[C@@H]7C[C@@H]2O)O)O,139.49814845428588,4.005,0.09
233,CC(=O)O[C@H]1C(=O)[C@@]2(C)[C@H]([C@H](OC(=O)C3=CC=CC=C3)[C@]4(O)C[C@H](OC(=O)C(=O)[C@@H](NC(=O)C5=CC=CC=C5)C6=CC=CC=C6)C(C)=C1C4(C)C)C7(CO[C@@H]7CC2=O)O,139.49814845428588,4.287,0.093
234,CC(=O)O[C@H]1C(=O)[C@@]2(C)[C@H]([C@H](OC(=O)C3=CC=CC=C3)[C@]4(O)C[C@H](OC(=O)C(=O)[C@@H](NC(=O)C5=CC=CC=C5)C6=CC=CC=C6)C(C)=C1C4(C)C)C7(CO[C@@H]7C[C@@H]2O)O,139.49814845428588,3.878,0.106
235,CC(=O)O[C@H]1C(=O)[C@@]2(C)[C@H]([C@H](OC(=O)C3=CC=CC=C3)[C@]4(O)C[C@H](OC(=O)C(=O)[C@@H](NC(=O)C5=CC=CC=C5)C6=CC=CC=C6)C(C)=C1C4(C)C)[C@]7(OC(C)=O)C(O[C@@H]7CC2=O)O,139.49814845428588,4.131,0.087
236,CC(=O)O[C@H]1C(=O)[C@@]2(C)[C@H]([C@H](OC(=O)C3=CC=CC=C3)[C@]4(O)C[C@H](OC(=O)C(=O)[C@@H](NC(=O)C5=CC=CC=C5)C6=CC=CC=C6)C(C)=C1C4(C)C)[C@]7(OC(C)=O)C(O[C@@H]7C[C@@H]2O)=O,139.49814845428588,3.993,0.115
237,CC(=O)O[C@H]1C(=O)[C@@]2(C)[C@H]([C@H](OC(=O)C3=CC=CC=C3)[C@]4(O)C[C@H](OC(=O)C(=O)[C@@H](NC(=O)C5=CC=CC=C5)C6=CC=CC=C6)C(C)=C1C4(C)C)[C@]7(OC(C)=O)C(O[C@@H]7C[C@@H]2O)O,139.49814845428588,3.875,0.099
238,CC(=O)O[C@H]1C(=O)[C@@]2(C)[C@H]([C@H](OC(=O)C3=CC=CC=C3)[C@]4(O)C[C@H](OC(=O)C(=O)[C@@H](NC(=O)C5=CC=CC=C5)C6=CC=CC=C6)C(C)=C1C4(C)C)[C@]7(OC(C)=O)CO[C@@H]7CC2=O,139.49814845428588,4.329,0.096
239,CC(=O)O[C@H]1C(=O)[C@@]2(C)[C@H]([C@H](OC(=O)C3=CC=CC=C3)[C@]4(O)C[C@H](OC(=O)C(=O)[C@@H](NC(=O)C5=CC=CC=C5)C6=CC=CC=C6)C(C)=C1C4(C)C)[C@]7(OC(C)=O)CO[C@@H]7C[C@@H]2O,139.49814845428588,3.976,0.114
240,CC(=O)O[C@H]1C(=O)[C@@]2(C)[C@H]([C@H](OC(=O)C3=CC=CC=C3)[C@]4(O)C[C@H](OC(=O)C(=O)[C@@H](NC(=O)C5=CC=CC=C5)C6=CC=CC=C6)C(C)C1C4(C)C)[C@]7(OC(C)=O)CO[C@@H]7C[C@@H]2O,139.49814845428588,4.508,0.15
241,CC(=O)O[C@H]1C(=O)[C@@]2(C)[C@H]([C@H](OC(=O)C3=CC=CC=C3)[C@]4(O)C[C@H](OC(=O)CC(N)(C5=CC=CC=C5)O)C(C)=C1C4(C)C)C6(CO[C@@H]6C[C@@H]2O)O,303.30543177692323,3.136,0.12
242,CC(=O)O[C@H]1C(=O)[C@@]2(C)[C@H]([C@H](OC(=O)C3=CC=CC=C3)[C@]4(O)C[C@H](OC(=O)CC(N)(C5=CC=CC=C5)O)C(C)=C1C4(C)C)[C@]6(OC(C)=O)C(O[C@@H]6C[C@@H]2O)O,303.30543177692323,3.178,0.111
243,CC(=O)O[C@H]1C(=O)[C@@]2(C)[C@H]([C@H](OC(=O)C3=CC=CC=C3)[C@]4(O)C[C@H](OC(=O)CC(N)(C5=CC=CC=C5)O)C(C)=C1C4(C)C)[C@]6(OC(C)=O)CO[C@@H]6CC2=O,303.30543177692323,3.634,0.116
244,CC(=O)O[C@H]1C(=O)[C@@]2(C)[C@H]([C@H](OC(=O)C3=CC=CC=C3)[C@]4(O)C[C@H](OC(=O)CC(N)(C5=CC=CC=C5)O)C(C)=C1C4(C)C)[C@]6(OC(C)=O)CO[C@@H]6C[C@@H]2O,303.30543177692323,3.169,0.132
245,CC(=O)O[C@H]1C(=O)[C@@]2(C)[C@H]([C@H](OC(=O)C3=CC=CC=C3)[C@]4(O)C[C@H](OC(=O)[C@H](O)C(C5=CC=CC=C5)=O)C(C)=C1C4(C)C)C6(CO[C@@H]6C[C@@H]2O)O,517.1793389195989,3.424,0.107
246,CC(=O)O[C@H]1C(=O)[C@@]2(C)[C@H]([C@H](OC(=O)C3=CC=CC=C3)[C@]4(O)C[C@H](OC(=O)[C@H](O)C(C5=CC=CC=C5)=O)C(C)=C1C4(C)C)[C@]6(OC(C)=O)C(O[C@@H]6C[C@@H]2O)O,517.1793389195989,3.267,0.099
247,CC(=O)O[C@H]1C(=O)[C@@]2(C)[C@H]([C@H](OC(=O)C3=CC=CC=C3)[C@]4(O)C[C@H](OC(=O)[C@H](O)C(C5=CC=CC=C5)=O)C(C)=C1C4(C)C)[C@]6(OC(C)=O)CO[C@@H]6CC2=O,517.1793389195989,3.777,0.131
248,CC(=O)O[C@H]1C(=O)[C@@]2(C)[C@H]([C@H](OC(=O)C3=CC=CC=C3)[C@]4(O)C[C@H](OC(=O)[C@H](O)C(C5=CC=CC=C5)=O)C(C)=C1C4(C)C)[C@]6(OC(C)=O)CO[C@@H]6C[C@@H]2O,517.1793389195989,3.398,0.117
249,CC(=O)O[C@H]1C(=O)[C@@]2(C)[C@H]([C@H](OC(=O)C3=CC=CC=C3)[C@]4(O)C[C@H](OC(=O)[C@H](O)C(C5=CC=CC=C5)=O)C(C)C1C4(C)C)[C@]6(OC(C)=O)CO[C@@H]6C[C@@H]2O,517.1793389195989,3.853,0.153
250,CC(=O)O[C@H]1C(=O)[C@@]2(C)[C@H]([C@H](OC(=O)C3=CC=CC=C3)[C@]4(O)C[C@H](OC(=O)[C@H](O)C(C5=CC=CC=C5)O)C(C)=C1C4(C)C)C6(C(O[C@@H]6C[C@@H]2O)O)O,517.1793389195989,3.514,0.133
251,CC(=O)O[C@H]1C(=O)[C@@]2(C)[C@H]([C@H](OC(=O)C3=CC=CC=C3)[C@]4(O)C[C@H](OC(=O)[C@H](O)C(C5=CC=CC=C5)O)C(C)=C1C4(C)C)C6(CO[C@@H]6CC2=O)O,517.1793389195989,3.634,0.141
252,CC(=O)O[C@H]1C(=O)[C@@]2(C)[C@H]([C@H](OC(=O)C3=CC=CC=C3)[C@]4(O)C[C@H](OC(=O)[C@H](O)C(C5=CC=CC=C5)O)C(C)=C1C4(C)C)C6(CO[C@@H]6C[C@@H]2O)O,517.1793389195989,3.321,0.158
253,CC(=O)O[C@H]1C(=O)[C@@]2(C)[C@H]([C@H](OC(=O)C3=CC=CC=C3)[C@]4(O)C[C@H](OC(=O)[C@H](O)C(C5=CC=CC=C5)O)C(C)=C1C4(C)C)[C@]6(OC(C)=O)C(O[C@@H]6CC2=O)O,517.1793389195989,3.592,0.13
254,CC(=O)O[C@H]1C(=O)[C@@]2(C)[C@H]([C@H](OC(=O)C3=CC=CC=C3)[C@]4(O)C[C@H](OC(=O)[C@H](O)C(C5=CC=CC=C5)O)C(C)=C1C4(C)C)[C@]6(OC(C)=O)C(O[C@@H]6C[C@@H]2O)=O,517.1793389195989,3.644,0.171
255,CC(=O)O[C@H]1C(=O)[C@@]2(C)[C@H]([C@H](OC(=O)C3=CC=CC=C3)[C@]4(O)C[C@H](OC(=O)[C@H](O)C(C5=CC=CC=C5)O)C(C)=C1C4(C)C)[C@]6(OC(C)=O)C(O[C@@H]6C[C@@H]2O)O,517.1793389195989,3.364,0.146
256,CC(=O)O[C@H]1C(=O)[C@@]2(C)[C@H]([C@H](OC(=O)C3=CC=CC=C3)[C@]4(O)C[C@H](OC(=O)[C@H](O)C(C5=CC=CC=C5)O)C(C)=C1C4(C)C)[C@]6(OC(C)=O)CO[C@@H]6CC2=O,517.1793389195989,3.935,0.153
257,CC(=O)O[C@H]1C(=O)[C@@]2(C)[C@H]([C@H](OC(=O)C3=CC=CC=C3)[C@]4(O)C[C@H](OC(=O)[C@H](O)C(C5=CC=CC=C5)O)C(C)=C1C4(C)C)[C@]6(OC(C)=O)CO[C@@H]6C[C@@H]2O,517.1793389195989,3.43,0.173
258,CC(=O)O[C@H]1C(=O)[C@@]2(C)[C@H]([C@H](OC(=O)C3=CC=CC=C3)[C@]4(O)C[C@H](OC(=O)[C@H](O)C(C5=CC=CC=C5)O)C(C)C1C4(C)C)[C@]6(OC(C)=O)CO[C@@H]6C[C@@H]2O,517.1793389195989,3.862,0.225
259,CC(=O)O[C@H]1C(=O)[C@@]2(C)[C@H]([C@H](OC(=O)C3=CC=CC=C3)[C@]4(O)C[C@H](OC(=O)[C@H](O)[C@@H](N)C5=CC=CC=C5)C(C)=C1C4(C)C)C6(C(O[C@@H]6C[C@@H]2O)O)O,554.9527650310472,3.687,0.133
260,CC(=O)O[C@H]1C(=O)[C@@]2(C)[C@H]([C@H](OC(=O)C3=CC=CC=C3)[C@]4(O)C[C@H](OC(=O)[C@H](O)[C@@H](N)C5=CC=CC=C5)C(C)=C1C4(C)C)C6(CO[C@@H]6CC2=O)O,554.9527650310472,3.875,0.141
261,CC(=O)O[C@H]1C(=O)[C@@]2(C)[C@H]([C@H](OC(=O)C3=CC=CC=C3)[C@]4(O)C[C@H](OC(=O)[C@H](O)[C@@H](N)C5=CC=CC=C5)C(C)=C1C4(C)C)C6(CO[C@@H]6C[C@@H]2O)O,554.9527650310472,3.684,0.158
262,CC(=O)O[C@H]1C(=O)[C@@]2(C)[C@H]([C@H](OC(=O)C3=CC=CC=C3)[C@]4(O)C[C@H](OC(=O)[C@H](O)[C@@H](N)C5=CC=CC=C5)C(C)=C1C4(C)C)[C@]6(OC(C)=O)C(O[C@@H]6CC2=O)O,554.9527650310472,3.853,0.13
263,CC(=O)O[C@H]1C(=O)[C@@]2(C)[C@H]([C@H](OC(=O)C3=CC=CC=C3)[C@]4(O)C[C@H](OC(=O)[C@H](O)[C@@H](N)C5=CC=CC=C5)C(C)=C1C4(C)C)[C@]6(OC(C)=O)C(O[C@@H]6C[C@@H]2O)=O,554.9527650310472,3.917,0.17
264,CC(=O)O[C@H]1C(=O)[C@@]2(C)[C@H]([C@H](OC(=O)C3=CC=CC=C3)[C@]4(O)C[C@H](OC(=O)[C@H](O)[C@@H](N)C5=CC=CC=C5)C(C)=C1C4(C)C)[C@]6(OC(C)=O)C(O[C@@H]6C[C@@H]2O)O,554.9527650310472,3.567,0.146
265,CC(=O)O[C@H]1C(=O)[C@@]2(C)[C@H]([C@H](OC(=O)C3=CC=CC=C3)[C@]4(O)C[C@H](OC(=O)[C@H](O)[C@@H](N)C5=CC=CC=C5)C(C)=C1C4(C)C)[C@]6(OC(C)=O)CO[C@@H]6CC2=O,554.9527650310472,4.145,0.153
266,CC(=O)O[C@H]1C(=O)[C@@]2(C)[C@H]([C@H](OC(=O)C3=CC=CC=C3)[C@]4(O)C[C@H](OC(=O)[C@H](O)[C@@H](N)C5=CC=CC=C5)C(C)=C1C4(C)C)[C@]6(OC(C)=O)CO[C@@H]6C[C@@H]2O,554.9527650310472,3.762,0.173
267,CC(=O)O[C@H]1C(=O)[C@@]2(C)[C@H]([C@H](OC(=O)C3=CC=CC=C3)[C@]4(O)C[C@H](OC(=O)[C@H](O)[C@@H](N)C5=CC=CC=C5)C(C)C1C4(C)C)[C@]6(OC(C)=O)CO[C@@H]6C[C@@H]2O,554.9527650310472,4.186,0.225
268,CC(=O)O[C@H]1C(=O)[C@@]2(C)[C@H]([C@H](OC(=O)C3=CC=CC=C3)[C@]4(O)C[C@H](OC(=O)[C@H](O)[C@@H](NC(=O)C5=CC=CC=C5)C6=CC=CC=C6)C(C)=C1C4(C)C)C7(C(O[C@@H]7CC2=O)O)O,546.6592167967768,4.414,0.09
269,CC(=O)O[C@H]1C(=O)[C@@]2(C)[C@H]([C@H](OC(=O)C3=CC=CC=C3)[C@]4(O)C[C@H](OC(=O)[C@H](O)[C@@H](NC(=O)C5=CC=CC=C5)C6=CC=CC=C6)C(C)=C1C4(C)C)C7(C(O[C@@H]7C[C@@H]2O)=O)O,546.6592167967768,3.671,0.119
270,CC(=O)O[C@H]1C(=O)[C@@]2(C)[C@H]([C@H](OC(=O)C3=CC=CC=C3)[C@]4(O)C[C@H](OC(=O)[C@H](O)[C@@H](NC(=O)C5=CC=CC=C5)C6=CC=CC=C6)C(C)=C1C4(C)C)C7(C(O[C@@H]7C[C@@H]2O)O)O,546.6592167967768,4.122,0.103
271,CC(=O)O[C@H]1C(=O)[C@@]2(C)[C@H]([C@H](OC(=O)C3=CC=CC=C3)[C@]4(O)C[C@H](OC(=O)[C@H](O)[C@@H](NC(=O)C5=CC=CC=C5)C6=CC=CC=C6)C(C)=C1C4(C)C)C7(CO[C@@H]7CC2=O)O,546.6592167967768,4.26,0.106
272,CC(=O)O[C@H]1C(=O)[C@@]2(C)[C@H]([C@H](OC(=O)C3=CC=CC=C3)[C@]4(O)C[C@H](OC(=O)[C@H](O)[C@@H](NC(=O)C5=CC=CC=C5)C6=CC=CC=C6)C(C)=C1C4(C)C)C7(CO[C@@H]7C[C@@H]2O)O,546.6592167967768,3.888,0.12
273,CC(=O)O[C@H]1C(=O)[C@@]2(C)[C@H]([C@H](OC(=O)C3=CC=CC=C3)[C@]4(O)C[C@H](OC(=O)[C@H](O)[C@@H](NC(=O)C5=CC=CC=C5)C6=CC=CC=C6)C(C)=C1C4(C)C)[C@](OC(C)=O)(C([O-])=O)C(C[C@@H]2O)O,546.6592167967768,4.103,0.104
274,CC(=O)O[C@H]1C(=O)[C@@]2(C)[C@H]([C@H](OC(=O)C3=CC=CC=C3)[C@]4(O)C[C@H](OC(=O)[C@H](O)[C@@H](NC(=O)C5=CC=CC=C5)C6=CC=CC=C6)C(C)=C1C4(C)C)[C@]7(OC(C)=O)C(O[C@@H]7CC2=O)=O,546.6592167967768,4.357,0.115
275,CC(=O)O[C@H]1C(=O)[C@@]2(C)[C@H]([C@H](OC(=O)C3=CC=CC=C3)[C@]4(O)C[C@H](OC(=O)[C@H](O)[C@@H](NC(=O)C5=CC=CC=C5)C6=CC=CC=C6)C(C)=C1C4(C)C)[C@]7(OC(C)=O)C(O[C@@H]7CC2=O)O,546.6592167967768,4.224,0.099
276,CC(=O)O[C@H]1C(=O)[C@@]2(C)[C@H]([C@H](OC(=O)C3=CC=CC=C3)[C@]4(O)C[C@H](OC(=O)[C@H](O)[C@@H](NC(=O)C5=CC=CC=C5)C6=CC=CC=C6)C(C)=C1C4(C)C)[C@]7(OC(C)=O)C(O[C@@H]7C[C@@H]2O)=O,546.6592167967768,4.102,0.13
277,CC(=O)O[C@H]1C(=O)[C@@]2(C)[C@H]([C@H](OC(=O)C3=CC=CC=C3)[C@]4(O)C[C@H](OC(=O)[C@H](O)[C@@H](NC(=O)C5=CC=CC=C5)C6=CC=CC=C6)C(C)=C1C4(C)C)[C@]7(OC(C)=O)C(O[C@@H]7C[C@@H]2O)O,546.6592167967768,3.868,0.112
278,CC(=O)O[C@H]1C(=O)[C@@]2(C)[C@H]([C@H](OC(=O)C3=CC=CC=C3)[C@]4(O)C[C@H](OC(=O)[C@H](O)[C@@H](NC(=O)C5=CC=CC=C5)C6=CC=CC=C6)C(C)=C1C4(C)C)[C@]7(OC(C)=O)CO[C@@H]7CC2=O,546.6592167967768,4.328,0.114
279,CC(=O)O[C@H]1C(=O)[C@@]2(C)[C@H]([C@H](OC(=O)C3=CC=CC=C3)[C@]4(O)C[C@H](OC(=O)[C@H](O)[C@@H](NC(=O)C5=CC=CC=C5)C6=CC=CC=C6)C(C)=C1C4(C)C)[C@]7(OC(C)=O)CO[C@@H]7C[C@@H]2O,546.6592167967768,3.834,0.13
280,CC(=O)O[C@H]1C(=O)[C@@]2(C)[C@H]([C@H](OC(=O)C3=CC=CC=C3)[C@]4(O)C[C@H](OC(=O)[C@H](O)[C@@H](NC(=O)C5=CC=CC=C5)C6=CC=CC=C6)C(C)C1C4(C)C)C7(C(O[C@@H]7C[C@@H]2O)O)O,546.6592167967768,4.367,0.134
281,CC(=O)O[C@H]1C(=O)[C@@]2(C)[C@H]([C@H](OC(=O)C3=CC=CC=C3)[C@]4(O)C[C@H](OC(=O)[C@H](O)[C@@H](NC(=O)C5=CC=CC=C5)C6=CC=CC=C6)C(C)C1C4(C)C)C7(CO[C@@H]7C[C@@H]2O)O,546.6592167967768,4.147,0.155
282,CC(=O)O[C@H]1C(=O)[C@@]2(C)[C@H]([C@H](OC(=O)C3=CC=CC=C3)[C@]4(O)C[C@H](OC(=O)[C@H](O)[C@@H](NC(=O)C5=CC=CC=C5)C6=CC=CC=C6)C(C)C1C4(C)C)[C@]7(OC(C)=O)C(O[C@@H]7C[C@@H]2O)=O,546.6592167967768,4.492,0.169
283,CC(=O)O[C@H]1C(=O)[C@@]2(C)[C@H]([C@H](OC(=O)C3=CC=CC=C3)[C@]4(O)C[C@H](OC(=O)[C@H](O)[C@@H](NC(=O)C5=CC=CC=C5)C6=CC=CC=C6)C(C)C1C4(C)C)[C@]7(OC(C)=O)C(O[C@@H]7C[C@@H]2O)O,546.6592167967768,4.259,0.145
284,CC(=O)O[C@H]1C(=O)[C@@]2(C)[C@H]([C@H](OC(=O)C3=CC=CC=C3)[C@]4(O)C[C@H](OC(=O)[C@H](O)[C@@H](NC(=O)C5=CC=CC=C5)C6=CC=CC=C6)C(C)C1C4(C)C)[C@]7(OC(C)=O)CO[C@@H]7CC2=O,546.6592167967768,4.336,0.15
285,CC(=O)O[C@H]1C(=O)[C@@]2(C)[C@H]([C@H](OC(=O)C3=CC=CC=C3)[C@]4(O)C[C@H](OC(=O)[C@H](O)[C@@H](NC(=O)C5=CC=CC=C5)C6=CC=CC=C6)C(C)C1C4(C)C)[C@]7(OC(C)=O)CO[C@@H]7C[C@@H]2O,546.6592167967768,4.34,0.169
286,O=C(C1=C([C@H](C[C@]([C@H]([C@H]2[C@@](C(=O)O)(C)[C@H](C[C@H]3OC[C@@]23OC(C)=O)O)OC(=O)C4=CC=CC=C4)(O)C1(C)C)OC(=O)[C@H](O)[C@@H](NC(=O)C5=CC=CC=C5)C6=CC=CC=C6)C)[O-],649.2832458796327,4.262,0.122
287,O=C1C(=O)C(C)[C@H]([C@H](OC(=O)C2=CC=CC=C2)[C@]3(O)C[C@H](OC(=O)[C@H](O)[C@@H](NC(=O)C4=CC=CC=C4)C5=CC=CC=C5)C(C)=C1C3(C)C)[C@]6(OC(C)=O)CO[C@@H]6CC(=O)[O-],5077.493497713195,4.177,0.135
288,O=C1C(=O)C2(C)[C@H]([C@H](OC(=O)C3=CC=CC=C3)[C@]4(O)C[C@H](OC(=O)[C@H](O)[C@@H](NC(=O)C5=CC=CC=C5)C6=CC=CC=C6)C(C)=C1C4(C)C)[C@]7(OC(C)=O)CO[C@@H]7CC(=O)O2,164.874159848599,4.333,0.16
289,O=C1C(=O)[C@@]2(C)C([C@]3(OC(C)=O)CO[C@@H]3C[C@@H]2O)OC(=O)[C@]4(O)C[C@H](OC(=O)[C@H](O)[C@@H](NC(=O)C5=CC=CC=C5)C6=CC=CC=C6)C(C)=C1C4(C)C,23678.249590757343,4.213,0.182
290,O=C1C(=O)[C@@]2(C)[C@H](C(=O)[C@]3(O)C[C@H](OC(=O)C(=O)[C@@H](NC(=O)C4=CC=CC=C4)C5=CC=CC=C5)C(C)=C1C3(C)C)[C@]6(OC(C)=O)CO[C@@H]6C[C@@H]2O,828.8193700643059,4.434,0.28
291,O=C1C(=O)[C@@]2(C)[C@H](C(=O)[C@]3(O)C[C@H](OC(=O)[C@H](O)C(C4=CC=CC=C4)O)C(C)=C1C3(C)C)[C@]5(OC(C)=O)CO[C@@H]5C[C@@H]2O,458.7461752194669,3.777,0.267
292,O=C1C(=O)[C@@]2(C)[C@H](C(=O)[C@]3(O)C[C@H](OC(=O)[C@H](O)[C@@H](NC(=O)C4=CC=CC=C4)C5=CC=CC=C5)C(C)=C1C3(C)C)C6(CO[C@@H]6C[C@@H]2O)O,8255.588680033872,4.068,0.22
293,O=C1C(=O)[C@@]2(C)[C@H](C(=O)[C@]3(O)C[C@H](OC(=O)[C@H](O)[C@@H](NC(=O)C4=CC=CC=C4)C5=CC=CC=C5)C(C)=C1C3(C)C)[C@]6(OC(C)=O)C(O[C@@H]6C[C@@H]2O)O,8255.588680033872,4.06,0.2
294,O=C1C(=O)[C@@]2(C)[C@H](C(=O)[C@]3(O)C[C@H](OC(=O)[C@H](O)[C@@H](NC(=O)C4=CC=CC=C4)C5=CC=CC=C5)C(C)=C1C3(C)C)[C@]6(OC(C)=O)CO[C@@H]6CC2=O,8255.588680033872,4.358,0.216
295,O=C1C(=O)[C@@]2(C)[C@H](C(=O)[C@]3(O)C[C@H](OC(=O)[C@H](O)[C@@H](NC(=O)C4=CC=CC=C4)C5=CC=CC=C5)C(C)=C1C3(C)C)[C@]6(OC(C)=O)CO[C@@H]6C[C@@H]2O,8255.588680033872,4.207,0.241
296,O=C1C(=O)[C@@]2(C)[C@H](C(=O)[C@]3(O)C[C@H](OC(=O)[C@H](O)[C@@H](NC(=O)C4=CC=CC=C4)C5=CC=CC=C5)C(C)C1C3(C)C)[C@]6(OC(C)=O)CO[C@@H]6C[C@@H]2O,7554.741426648484,4.454,0.24
297,O=C1C(=O)[C@@]2(C)[C@H](C([C@]3(O)C[C@H](OC(=O)C(=O)[C@@H](NC(=O)C4=CC=CC=C4)C5=CC=CC=C5)C(C)=C1C3(C)C)O)[C@]6(OC(C)=O)CO[C@@H]6C[C@@H]2O,827.157541930098,4.236,0.241
298,O=C1C(=O)[C@@]2(C)[C@H](C([C@]3(O)C[C@H](OC(=O)[C@H](O)C(C4=CC=CC=C4)O)C(C)=C1C3(C)C)O)[C@]5(OC(C)=O)CO[C@@H]5C[C@@H]2O,2922.3972476700933,3.441,0.225
299,O=C1C(=O)[C@@]2(C)[C@H](C([C@]3(O)C[C@H](OC(=O)[C@H](O)[C@@H](N)C4=CC=CC=C4)C(C)=C1C3(C)C)O)[C@]5(OC(C)=O)CO[C@@H]5C[C@@H]2O,2182.4602499671164,3.477,0.224
300,O=C1C(=O)[C@@]2(C)[C@H](C([C@]3(O)C[C@H](OC(=O)[C@H](O)[C@@H](NC(=O)C4=CC=CC=C4)C5=CC=CC=C5)C(C)=C1C3(C)C)O)C6(CO[C@@H]6C[C@@H]2O)O,6183.997457706249,4.091,0.19
301,O=C1C(=O)[C@@]2(C)[C@H](C([C@]3(O)C[C@H](OC(=O)[C@H](O)[C@@H](NC(=O)C4=CC=CC=C4)C5=CC=CC=C5)C(C)=C1C3(C)C)O)[C@]6(OC(C)=O)C(O[C@@H]6C[C@@H]2O)O,6183.997457706249,4.103,0.172
302,O=C1C(=O)[C@@]2(C)[C@H](C([C@]3(O)C[C@H](OC(=O)[C@H](O)[C@@H](NC(=O)C4=CC=CC=C4)C5=CC=CC=C5)C(C)=C1C3(C)C)O)[C@]6(OC(C)=O)CO[C@@H]6CC2=O,6183.997457706249,4.474,0.185
303,O=C1C(=O)[C@@]2(C)[C@H](C([C@]3(O)C[C@H](OC(=O)[C@H](O)[C@@H](NC(=O)C4=CC=CC=C4)C5=CC=CC=C5)C(C)=C1C3(C)C)O)[C@]6(OC(C)=O)CO[C@@H]6C[C@@H]2O,6183.997457706249,4.067,0.205
304,O=C1C(=O)[C@@]2(C)[C@H](C([C@]3(O)C[C@H](OC(=O)[C@H](O)[C@@H](NC(=O)C4=CC=CC=C4)C5=CC=CC=C5)C(C)C1C3(C)C)O)[C@]6(OC(C)=O)CO[C@@H]6C[C@@H]2O,8339.878896029792,4.406,0.205
305,O=C1C(=O)[C@@]2(C)[C@H]([C@H](OC(=O)C3=CC=CC=C3)[C@]4(O)CC(=O)C(C)=C1C4(C)C)[C@]5(OC(C)=O)CO[C@@H]5C[C@@H]2O,1923.849542694201,3.135,0.426
306,O=C1C(=O)[C@@]2(C)[C@H]([C@H](OC(=O)C3=CC=CC=C3)[C@]4(O)CC(C(C)=C1C4(C)C)O)[C@]5(OC(C)=O)CO[C@@H]5C[C@@H]2O,475.284132769863,3.13,0.376
307,O=C1C(=O)[C@@]2(C)[C@H]([C@H](OC(=O)C3=CC=CC=C3)[C@]4(O)COC(=O)C(C)=C1C4(C)C)[C@]5(OC(C)=O)CO[C@@H]5C[C@@H]2O,601.9270723486113,3.466,0.311
308,O=C1C(=O)[C@@]2(C)[C@H]([C@H](OC(=O)C3=CC=CC=C3)[C@]4(O)C[C@H](OC(=O)C(=O)C(C5=CC=CC=C5)O)C(C)=C1C4(C)C)[C@]6(OC(C)=O)CO[C@@H]6C[C@@H]2O,196.92724327695748,3.374,0.215
309,O=C1C(=O)[C@@]2(C)[C@H]([C@H](OC(=O)C3=CC=CC=C3)[C@]4(O)C[C@H](OC(=O)C(=O)[C@@H](N)C5=CC=CC=C5)C(C)=C1C4(C)C)[C@]6(OC(C)=O)CO[C@@H]6C[C@@H]2O,82.53014822778236,3.759,0.215
310,O=C1C(=O)[C@@]2(C)[C@H]([C@H](OC(=O)C3=CC=CC=C3)[C@]4(O)C[C@H](OC(=O)C(=O)[C@@H](NC(=O)C5=CC=CC=C5)C6=CC=CC=C6)C(C)=C1C4(C)C)C7(CO[C@@H]7C[C@@H]2O)O,22.91202913385312,4.192,0.193
311,O=C1C(=O)[C@@]2(C)[C@H]([C@H](OC(=O)C3=CC=CC=C3)[C@]4(O)C[C@H](OC(=O)C(=O)[C@@H](NC(=O)C5=CC=CC=C5)C6=CC=CC=C6)C(C)=C1C4(C)C)[C@]7(OC(C)=O)CO[C@@H]7CC2=O,22.91202913385312,4.625,0.137
312,O=C1C(=O)[C@@]2(C)[C@H]([C@H](OC(=O)C3=CC=CC=C3)[C@]4(O)C[C@H](OC(=O)C(=O)[C@@H](NC(=O)C5=CC=CC=C5)C6=CC=CC=C6)C(C)=C1C4(C)C)[C@]7(OC(C)=O)CO[C@@H]7C[C@@H]2O,22.91202913385312,4.225,0.161
313,O=C1C(=O)[C@@]2(C)[C@H]([C@H](OC(=O)C3=CC=CC=C3)[C@]4(O)C[C@H](OC(=O)C(=O)[C@@H](NC(=O)C5=CC=CC=C5)C6=CC=CC=C6)C(C)C1C4(C)C)[C@]7(OC(C)=O)CO[C@@H]7C[C@@H]2O,22.91202913385312,4.349,0.161
314,O=C1C(=O)[C@@]2(C)[C@H]([C@H](OC(=O)C3=CC=CC=C3)[C@]4(O)C[C@H](OC(=O)CC(N)(C5=CC=CC=C5)O)C(C)=C1C4(C)C)[C@]6(OC(C)=O)CO[C@@H]6C[C@@H]2O,123.00584987926786,3.347,0.141
315,O=C1C(=O)[C@@]2(C)[C@H]([C@H](OC(=O)C3=CC=CC=C3)[C@]4(O)C[C@H](OC(=O)[C@H](O)C(C5=CC=CC=C5)=O)C(C)=C1C4(C)C)[C@]6(OC(C)=O)CO[C@@H]6C[C@@H]2O,645.4209575850693,3.414,0.125
316,O=C1C(=O)[C@@]2(C)[C@H]([C@H](OC(=O)C3=CC=CC=C3)[C@]4(O)C[C@H](OC(=O)[C@H](O)C(C5=CC=CC=C5)O)C(C)=C1C4(C)C)C6(CO[C@@H]6C[C@@H]2O)O,579.9206941282139,3.454,0.22
317,O=C1C(=O)[C@@]2(C)[C@H]([C@H](OC(=O)C3=CC=CC=C3)[C@]4(O)C[C@H](OC(=O)[C@H](O)C(C5=CC=CC=C5)O)C(C)=C1C4(C)C)[C@]6(OC(C)=O)C(O[C@@H]6C[C@@H]2O)O,579.9206941282139,3.634,0.154
318,O=C1C(=O)[C@@]2(C)[C@H]([C@H](OC(=O)C3=CC=CC=C3)[C@]4(O)C[C@H](OC(=O)[C@H](O)C(C5=CC=CC=C5)O)C(C)=C1C4(C)C)[C@]6(OC(C)=O)CO[C@@H]6CC2=O,579.9206941282139,4.149,0.164
319,O=C1C(=O)[C@@]2(C)[C@H]([C@H](OC(=O)C3=CC=CC=C3)[C@]4(O)C[C@H](OC(=O)[C@H](O)C(C5=CC=CC=C5)O)C(C)=C1C4(C)C)[C@]6(OC(C)=O)CO[C@@H]6C[C@@H]2O,579.9206941282139,3.665,0.185
320,O=C1C(=O)[C@@]2(C)[C@H]([C@H](OC(=O)C3=CC=CC=C3)[C@]4(O)C[C@H](OC(=O)[C@H](O)C(C5=CC=CC=C5)O)C(C)C1C4(C)C)[C@]6(OC(C)=O)CO[C@@H]6C[C@@H]2O,579.9206941282139,3.796,0.185
321,O=C1C(=O)[C@@]2(C)[C@H]([C@H](OC(=O)C3=CC=CC=C3)[C@]4(O)C[C@H](OC(=O)[C@H](O)[C@@H](N)C5=CC=CC=C5)C(C)=C1C4(C)C)C6(CO[C@@H]6C[C@@H]2O)O,306.4378665758801,3.531,0.22
322,O=C1C(=O)[C@@]2(C)[C@H]([C@H](OC(=O)C3=CC=CC=C3)[C@]4(O)C[C@H](OC(=O)[C@H](O)[C@@H](N)C5=CC=CC=C5)C(C)=C1C4(C)C)[C@]6(OC(C)=O)C(O[C@@H]6C[C@@H]2O)O,306.4378665758801,3.75,0.154
323,O=C1C(=O)[C@@]2(C)[C@H]([C@H](OC(=O)C3=CC=CC=C3)[C@]4(O)C[C@H](OC(=O)[C@H](O)[C@@H](N)C5=CC=CC=C5)C(C)=C1C4(C)C)[C@]6(OC(C)=O)CO[C@@H]6CC2=O,306.4378665758801,4.301,0.164
324,O=C1C(=O)[C@@]2(C)[C@H]([C@H](OC(=O)C3=CC=CC=C3)[C@]4(O)C[C@H](OC(=O)[C@H](O)[C@@H](N)C5=CC=CC=C5)C(C)=C1C4(C)C)[C@]6(OC(C)=O)CO[C@@H]6C[C@@H]2O,306.4378665758801,3.825,0.185
325,O=C1C(=O)[C@@]2(C)[C@H]([C@H](OC(=O)C3=CC=CC=C3)[C@]4(O)C[C@H](OC(=O)[C@H](O)[C@@H](N)C5=CC=CC=C5)C(C)C1C4(C)C)[C@]6(OC(C)=O)CO[C@@H]6C[C@@H]2O,306.4378665758801,4.072,0.184
326,O=C1C(=O)[C@@]2(C)[C@H]([C@H](OC(=O)C3=CC=CC=C3)[C@]4(O)C[C@H](OC(=O)[C@H](O)[C@@H](NC(=O)C5=CC=CC=C5)C6=CC=CC=C6)C(C)=C1C4(C)C)C7(C(O[C@@H]7C[C@@H]2O)O)O,154.48511569806556,4.201,0.142
327,O=C1C(=O)[C@@]2(C)[C@H]([C@H](OC(=O)C3=CC=CC=C3)[C@]4(O)C[C@H](OC(=O)[C@H](O)[C@@H](NC(=O)C5=CC=CC=C5)C6=CC=CC=C6)C(C)=C1C4(C)C)C7(CO[C@@H]7CC2=O)O,154.48511569806556,4.378,0.149
328,O=C1C(=O)[C@@]2(C)[C@H]([C@H](OC(=O)C3=CC=CC=C3)[C@]4(O)C[C@H](OC(=O)[C@H](O)[C@@H](NC(=O)C5=CC=CC=C5)C6=CC=CC=C6)C(C)=C1C4(C)C)C7(CO[C@@H]7C[C@@H]2O)O,154.48511569806556,4.149,0.166
329,O=C1C(=O)[C@@]2(C)[C@H]([C@H](OC(=O)C3=CC=CC=C3)[C@]4(O)C[C@H](OC(=O)[C@H](O)[C@@H](NC(=O)C5=CC=CC=C5)C6=CC=CC=C6)C(C)=C1C4(C)C)[C@]7(OC(C)=O)C(O[C@@H]7CC2=O)O,154.48511569806556,4.453,0.105
330,O=C1C(=O)[C@@]2(C)[C@H]([C@H](OC(=O)C3=CC=CC=C3)[C@]4(O)C[C@H](OC(=O)[C@H](O)[C@@H](NC(=O)C5=CC=CC=C5)C6=CC=CC=C6)C(C)=C1C4(C)C)[C@]7(OC(C)=O)C(O[C@@H]7C[C@@H]2O)=O,154.48511569806556,4.268,0.138
331,O=C1C(=O)[C@@]2(C)[C@H]([C@H](OC(=O)C3=CC=CC=C3)[C@]4(O)C[C@H](OC(=O)[C@H](O)[C@@H](NC(=O)C5=CC=CC=C5)C6=CC=CC=C6)C(C)=C1C4(C)C)[C@]7(OC(C)=O)C(O[C@@H]7C[C@@H]2O)O,154.48511569806556,4.163,0.119
332,O=C1C(=O)[C@@]2(C)[C@H]([C@H](OC(=O)C3=CC=CC=C3)[C@]4(O)C[C@H](OC(=O)[C@H](O)[C@@H](NC(=O)C5=CC=CC=C5)C6=CC=CC=C6)C(C)=C1C4(C)C)[C@]7(OC(C)=O)CO[C@@H]7CC2=O,154.48511569806556,4.487,0.122
333,O=C1C(=O)[C@@]2(C)[C@H]([C@H](OC(=O)C3=CC=CC=C3)[C@]4(O)C[C@H](OC(=O)[C@H](O)[C@@H](NC(=O)C5=CC=CC=C5)C6=CC=CC=C6)C(C)=C1C4(C)C)[C@]7(OC(C)=O)CO[C@@H]7C[C@@H]2O,154.48511569806556,4.159,0.139
334,O=C1C(=O)[C@@]2(C)[C@H]([C@H](OC(=O)C3=CC=CC=C3)[C@]4(O)C[C@H](OC(=O)[C@H](O)[C@@H](NC(=O)C5=CC=CC=C5)C6=CC=CC=C6)C(C)C1C4(C)C)C7(CO[C@@H]7C[C@@H]2O)O,154.48511569806556,3.958,0.166
335,O=C1C(=O)[C@@]2(C)[C@H]([C@H](OC(=O)C3=CC=CC=C3)[C@]4(O)C[C@H](OC(=O)[C@H](O)[C@@H](NC(=O)C5=CC=CC=C5)C6=CC=CC=C6)C(C)C1C4(C)C)[C@]7(OC(C)=O)C(O[C@@H]7C[C@@H]2O)O,154.48511569806556,4.043,0.119
336,O=C1C(=O)[C@@]2(C)[C@H]([C@H](OC(=O)C3=CC=CC=C3)[C@]4(O)C[C@H](OC(=O)[C@H](O)[C@@H](NC(=O)C5=CC=CC=C5)C6=CC=CC=C6)C(C)C1C4(C)C)[C@]7(OC(C)=O)CO[C@@H]7CC2=O,154.48511569806556,4.639,0.123
337,O=C1C(=O)[C@@]2(C)[C@H]([C@H](OC(=O)C3=CC=CC=C3)[C@]4(O)C[C@H](OC(=O)[C@H](O)[C@@H](NC(=O)C5=CC=CC=C5)C6=CC=CC=C6)C(C)C1C4(C)C)[C@]7(OC(C)=O)CO[C@@H]7C[C@@H]2O,154.48511569806556,4.369,0.139
338,O=C1C2=C(C(C[C@]([C@H]([C@H]3[C@@](C(=O)O1)(C)[C@H](C[C@H]4OC[C@@]34OC(C)=O)O)OC(=O)C5=CC=CC=C5)(O)C2(C)C)=O)C,323.52206634829355,3.463,0.315
339,O=C1C2=C(C(C[C@]([C@H]([C@H]3[C@@](C(=O)O1)(C)[C@H](C[C@H]4OC[C@@]34OC(C)=O)O)OC(=O)C5=CC=CC=C5)(O)C2(C)C)O)C,323.52206634829355,3.307,0.277
340,O=C1C2=C([C@H](C[C@](C([C@H]3[C@@](C(=O)O1)(C)[C@H](C[C@H]4OC[C@@]34OC(C)=O)O)=O)(O)C2(C)C)OC(=O)[C@H](O)[C@@H](NC(=O)C5=CC=CC=C5)C6=CC=CC=C6)C,34.827674479168365,4.191,0.182
341,O=C1C2=C([C@H](C[C@](C([C@H]3[C@@](C(=O)O1)(C)[C@H](C[C@H]4OC[C@@]34OC(C)=O)O)O)(O)C2(C)C)OC(=O)[C@H](O)[C@@H](NC(=O)C5=CC=CC=C5)C6=CC=CC=C6)C,41.58343163501231,4.233,0.156
342,O=C1C2=C([C@H](C[C@]([C@H]([C@H]3[C@@](C(=O)O1)(C)C(C[C@H]4OC[C@@]34OC(C)=O)=O)OC(=O)C5=CC=CC=C5)(O)C2(C)C)OC(=O)[C@H](O)[C@@H](NC(=O)C6=CC=CC=C6)C7=CC=CC=C7)C,65.31184479428153,4.352,0.16
343,O=C1C2=C([C@H](C[C@]([C@H]([C@H]3[C@@](C(=O)O1)(C)[C@H](C[C@H]4OC([C@@]34OC(C)=O)O)O)OC(=O)C5=CC=CC=C5)(O)C2(C)C)OC(=O)[C@H](O)[C@@H](NC(=O)C6=CC=CC=C6)C7=CC=CC=C7)C,170.59451558826797,4.166,0.118
344,O=C1C2=C([C@H](C[C@]([C@H]([C@H]3[C@@](C(=O)O1)(C)[C@H](C[C@H]4OCC34O)O)OC(=O)C5=CC=CC=C5)(O)C2(C)C)OC(=O)[C@H](O)[C@@H](NC(=O)C6=CC=CC=C6)C7=CC=CC=C7)C,554.3182219546153,4.313,0.126
345,O=C1C2=C([C@H](C[C@]([C@H]([C@H]3[C@@](C(=O)O1)(C)[C@H](C[C@H]4OC[C@@]34OC(C)=O)O)OC(=O)C5=CC=CC=C5)(O)C2(C)C)OC(=O)C(=O)[C@@H](NC(=O)C6=CC=CC=C6)C7=CC=CC=C7)C,53.91237937471218,4.515,0.122
346,O=C1C2=C([C@H](C[C@]([C@H]([C@H]3[C@@](C(=O)O1)(C)[C@H](C[C@H]4OC[C@@]34OC(C)=O)O)OC(=O)C5=CC=CC=C5)(O)C2(C)C)OC(=O)[C@H](O)C(C6=CC=CC=C6)O)C,53.91237937471218,3.85,0.183
347,O=C1C2=C([C@H](C[C@]([C@H]([C@H]3[C@@](C(=O)O1)(C)[C@H](C[C@H]4OC[C@@]34OC(C)=O)O)OC(=O)C5=CC=CC=C5)(O)C2(C)C)OC(=O)[C@H](O)[C@@H](N)C6=CC=CC=C6)C,53.91237937471218,3.855,0.182
348,O=C1C2=C([C@H](C[C@]([C@H]([C@H]3[C@@](C(=O)O1)(C)[C@H](C[C@H]4OC[C@@]34OC(C)=O)O)OC(=O)C5=CC=CC=C5)(O)C2(C)C)OC(=O)[C@H](O)[C@@H](NC(=O)C6=CC=CC=C6)C7=CC=CC=C7)C,53.91237937471218,4.243,0.138
349,O=C1C2C([C@H](C[C@]([C@H]([C@H]3[C@@](C(=O)O1)(C)[C@H](C[C@H]4OC[C@@]34OC(C)=O)O)OC(=O)C5=CC=CC=C5)(O)C2(C)C)OC(=O)[C@H](O)[C@@H](NC(=O)C6=CC=CC=C6)C7=CC=CC=C7)(C)O,86.17909250406782,4.481,0.118
350,O=C1C2C([C@H](C[C@]([C@H]([C@H]3[C@@](C(=O)O1)(C)[C@H](C[C@H]4OC[C@@]34OC(C)=O)O)OC(=O)C5=CC=CC=C5)(O)C2(C)C)OC(=O)[C@H](O)[C@@H](NC(=O)C6=CC=CC=C6)C7=CC=CC=C7)C,86.17909250406782,4.459,0.138
